position,hand_rank_tuple,wins,total_matchups,netev
back,"(1, 14)",0,0,-5.999300
back,"(1, 13)",0,0,-5.999300
back,"(1, 12)",0,0,-5.999300
back,"(1, 11)",0,0,-5.999300
back,"(1, 10)",0,0,-5.999300
back,"(1, 9)",0,0,-5.999300
back,"(1, 8)",0,0,-5.999300
back,"(1, 7)",0,0,-5.999300
back,"(1, 6)",0,0,-5.999300
back,"(2, 14)",0,0,-5.999300
back,"(2, 13)",0,0,-5.999300
back,"(2, 12)",0,0,-5.999300
back,"(2, 11)",0,0,-5.999300
back,"(2, 10)",0,0,-5.999300
back,"(2, 9)",0,0,-5.999300
back,"(2, 8)",0,0,-5.999300
back,"(2, 7)",0,0,-5.999300
back,"(2, 6)",0,0,-5.999300
back,"(3, 14)",0,0,-5.996542
back,"(3, 13)",0,0,-5.997669
back,"(3, 12)",0,0,-5.998012
back,"(3, 11)",0,0,-5.998250
back,"(3, 10)",0,0,-5.998712
back,"(3, 9)",0,0,-5.998614
back,"(3, 8)",0,0,-5.999027
back,"(3, 7)",0,0,-5.998971
back,"(3, 6)",0,0,-5.999111
back,"(4, 14)",0,0,-5.978069
back,"(4, 13)",0,0,-5.985188
back,"(4, 12)",0,0,-5.987386
back,"(4, 11)",0,0,-5.988898
back,"(4, 10)",0,0,-5.991810
back,"(4, 9)",0,0,-5.991194
back,"(4, 8)",0,0,-5.993833
back,"(4, 7)",0,0,-5.993476
back,"(4, 6)",0,0,-5.994365
back,"(5, 14, 6)",0,40,-6.000000
back,"(5, 14, 7)",2,65,-5.784617
back,"(5, 14, 8)",1,140,-5.949999
back,"(5, 14, 9)",5,300,-5.883331
back,"(5, 14, 10)",6,500,-5.916000
back,"(5, 14, 11)",7,740,-5.933787
back,"(5, 14, 12)",18,1295,-5.902700
back,"(5, 14, 13)",69,2800,-5.827499
back,"(5, 14, 14)",26,860,-5.788369
back,"(5, 14)",134,6740,-5.860833
back,"(5, 13, 6)",0,25,-6.000000
back,"(5, 13, 7)",0,45,-6.000000
back,"(5, 13, 8)",0,110,-6.000000
back,"(5, 13, 9)",0,135,-6.000000
back,"(5, 13, 10)",0,210,-6.000000
back,"(5, 13, 11)",0,360,-6.000000
back,"(5, 13, 12)",0,700,-6.000000
back,"(5, 13, 13)",0,210,-6.000000
back,"(5, 13)",0,1795,-6.000000
back,"(5, 12, 8)",0,20,-6.000000
back,"(5, 12, 9)",0,35,-6.000000
back,"(5, 12, 10)",0,80,-6.000000
back,"(5, 12, 11)",0,180,-6.000000
back,"(5, 12, 12)",0,20,-6.000000
back,"(5, 12)",0,370,-6.000000
back,"(5, 11, 9)",0,30,-6.000000
back,"(5, 11, 10)",0,95,-6.000000
back,"(5, 11, 11)",0,25,-6.000000
back,"(5, 11)",0,190,-6.000000
back,"(5, 10)",0,25,-6.000000
back,"(6, 14, 5)",988,9520,-5.273526
back,"(6, 14, 13)",1709,11855,-4.990887
back,"(6, 14)",2697,21375,-5.116775
back,"(6, 13, 12)",346,4060,-5.403446
back,"(6, 13)",346,4060,-5.403446
back,"(6, 12, 11)",192,2645,-5.491870
back,"(6, 12)",192,2645,-5.491870
back,"(6, 11, 10)",160,2505,-5.552896
back,"(6, 11)",160,2505,-5.552896
back,"(6, 10, 9)",123,2610,-5.670118
back,"(6, 10)",123,2610,-5.670118
back,"(6, 9, 8)",112,2210,-5.645247
back,"(6, 9)",112,2210,-5.645247
back,"(6, 8, 7)",61,1720,-5.751745
back,"(6, 8)",61,1720,-5.751745
back,"(6, 7, 6)",46,1225,-5.737143
back,"(6, 7)",46,1225,-5.737143
back,"(6, 6, 5)",30,925,-5.772976
back,"(6, 6)",30,925,-5.772976
back,"(7, 14, 2)",192,425,-1.741175
back,"(7, 14, 3)",195,415,-1.650600
back,"(7, 14, 4)",232,515,-1.747575
back,"(7, 14, 5)",272,585,-1.675215
back,"(7, 14, 6)",318,685,-1.678830
back,"(7, 14, 7)",464,970,-1.608245
back,"(7, 14, 8)",458,985,-1.675125
back,"(7, 14, 9)",516,1110,-1.675675
back,"(7, 14, 10)",788,1630,-1.582820
back,"(7, 14, 11)",994,2125,-1.661175
back,"(7, 14, 12)",1275,2710,-1.647600
back,"(7, 14, 13)",1857,3745,-1.520695
back,"(7, 14)",7561,15900,-1.622325
back,"(7, 13, 2)",116,315,-2.158730
back,"(7, 13, 3)",167,380,-1.802630
back,"(7, 13, 4)",153,395,-2.063290
back,"(7, 13, 5)",206,475,-1.831580
back,"(7, 13, 6)",220,535,-1.943925
back,"(7, 13, 7)",257,660,-2.053030
back,"(7, 13, 8)",303,685,-1.788320
back,"(7, 13, 9)",454,1115,-1.964125
back,"(7, 13, 10)",504,1280,-2.031250
back,"(7, 13, 11)",686,1695,-1.976400
back,"(7, 13, 12)",1073,2525,-1.875250
back,"(7, 13, 14)",1187,2730,-1.826005
back,"(7, 13)",5326,12790,-1.917905
back,"(7, 12, 2)",99,265,-2.132075
back,"(7, 12, 3)",135,365,-2.150685
back,"(7, 12, 4)",86,230,-2.130435
back,"(7, 12, 5)",147,405,-2.185185
back,"(7, 12, 6)",141,405,-2.259260
back,"(7, 12, 7)",181,495,-2.171715
back,"(7, 12, 8)",233,625,-2.136000
back,"(7, 12, 9)",318,860,-2.151165
back,"(7, 12, 10)",437,1170,-2.132480
back,"(7, 12, 11)",563,1605,-2.246105
back,"(7, 12, 13)",752,1925,-2.046755
back,"(7, 12, 14)",971,2510,-2.065735
back,"(7, 12)",4063,10860,-2.129375
back,"(7, 11, 2)",69,175,-2.028570
back,"(7, 11, 3)",53,180,-2.527780
back,"(7, 11, 4)",67,205,-2.365855
back,"(7, 11, 5)",56,180,-2.444445
back,"(7, 11, 6)",127,380,-2.328945
back,"(7, 11, 7)",152,455,-2.329670
back,"(7, 11, 8)",179,545,-2.357800
back,"(7, 11, 9)",265,780,-2.301280
back,"(7, 11, 10)",380,1205,-2.423235
back,"(7, 11, 12)",492,1475,-2.332205
back,"(7, 11, 13)",609,1845,-2.349595
back,"(7, 11, 14)",818,2265,-2.194260
back,"(7, 11)",3267,9690,-2.314240
back,"(7, 10, 2)",49,140,-2.250000
back,"(7, 10, 3)",44,155,-2.580645
back,"(7, 10, 4)",55,180,-2.472220
back,"(7, 10, 5)",57,205,-2.609755
back,"(7, 10, 6)",62,210,-2.523810
back,"(7, 10, 7)",110,375,-2.533335
back,"(7, 10, 8)",127,495,-2.717170
back,"(7, 10, 9)",219,675,-2.377780
back,"(7, 10, 11)",259,875,-2.520000
back,"(7, 10, 12)",409,1345,-2.479555
back,"(7, 10, 13)",522,1570,-2.337580
back,"(7, 10, 14)",639,2110,-2.485780
back,"(7, 10)",2552,8335,-2.469105
back,"(7, 9, 2)",77,265,-2.547170
back,"(7, 9, 3)",60,190,-2.421055
back,"(7, 9, 4)",73,225,-2.377780
back,"(7, 9, 5)",82,290,-2.586205
back,"(7, 9, 6)",108,400,-2.650000
back,"(7, 9, 7)",158,560,-2.589285
back,"(7, 9, 8)",163,580,-2.594830
back,"(7, 9, 10)",158,560,-2.589285
back,"(7, 9, 11)",214,780,-2.628205
back,"(7, 9, 12)",321,1110,-2.554055
back,"(7, 9, 13)",368,1320,-2.606060
back,"(7, 9, 14)",496,1695,-2.536875
back,"(7, 9)",2278,7975,-2.571785
back,"(7, 8, 2)",40,205,-3.024390
back,"(7, 8, 3)",46,185,-2.756755
back,"(7, 8, 4)",47,200,-2.825000
back,"(7, 8, 5)",65,265,-2.773585
back,"(7, 8, 6)",93,375,-2.760000
back,"(7, 8, 7)",116,430,-2.651165
back,"(7, 8, 9)",137,540,-2.731480
back,"(7, 8, 10)",89,400,-2.887500
back,"(7, 8, 11)",144,595,-2.789915
back,"(7, 8, 12)",250,965,-2.704665
back,"(7, 8, 13)",350,1235,-2.582995
back,"(7, 8, 14)",517,1880,-2.625000
back,"(7, 8)",1894,7275,-2.698280
back,"(7, 7, 2)",56,225,-2.755555
back,"(7, 7, 3)",40,230,-3.130435
back,"(7, 7, 4)",52,235,-2.893615
back,"(7, 7, 5)",73,265,-2.622640
back,"(7, 7, 6)",64,330,-3.030305
back,"(7, 7, 8)",66,340,-3.029410
back,"(7, 7, 9)",106,405,-2.691360
back,"(7, 7, 10)",102,475,-2.926315
back,"(7, 7, 11)",99,505,-3.019800
back,"(7, 7, 12)",162,785,-2.968155
back,"(7, 7, 13)",263,1170,-2.876070
back,"(7, 7, 14)",386,1575,-2.774605
back,"(7, 7)",1469,6540,-2.876910
back,"(7, 6, 2)",54,230,-2.826085
back,"(7, 6, 3)",52,260,-3.000000
back,"(7, 6, 4)",68,270,-2.740740
back,"(7, 6, 5)",55,275,-3.000000
back,"(7, 6, 7)",66,280,-2.821430
back,"(7, 6, 8)",65,300,-2.916665
back,"(7, 6, 9)",90,350,-2.714285
back,"(7, 6, 10)",80,395,-2.987340
back,"(7, 6, 11)",68,360,-3.055555
back,"(7, 6, 12)",182,785,-2.840765
back,"(7, 6, 13)",220,1010,-2.910890
back,"(7, 6, 14)",328,1395,-2.824375
back,"(7, 6)",1328,5910,-2.876480
back,"(7, 5, 2)",40,190,-2.947370
back,"(7, 5, 3)",37,220,-3.159090
back,"(7, 5, 4)",44,210,-2.952380
back,"(7, 5, 6)",44,180,-2.777780
back,"(7, 5, 7)",35,185,-3.054055
back,"(7, 5, 8)",30,170,-3.117645
back,"(7, 5, 9)",30,220,-3.318180
back,"(7, 5, 10)",47,285,-3.175440
back,"(7, 5, 11)",76,410,-3.073170
back,"(7, 5, 12)",130,655,-3.007635
back,"(7, 5, 13)",202,970,-2.958765
back,"(7, 5, 14)",257,1195,-2.924685
back,"(7, 5)",972,4890,-3.006135
back,"(7, 4, 2)",56,250,-2.880000
back,"(7, 4, 3)",58,260,-2.884615
back,"(7, 4, 5)",44,190,-2.842105
back,"(7, 4, 6)",38,215,-3.116280
back,"(7, 4, 7)",40,195,-2.974360
back,"(7, 4, 8)",36,220,-3.181820
back,"(7, 4, 9)",41,185,-2.891890
back,"(7, 4, 10)",62,295,-2.949155
back,"(7, 4, 11)",68,400,-3.150000
back,"(7, 4, 12)",113,625,-3.096000
back,"(7, 4, 13)",146,875,-3.165715
back,"(7, 4, 14)",221,1295,-3.146720
back,"(7, 4)",923,5005,-3.077920
back,"(7, 3, 2)",41,235,-3.127660
back,"(7, 3, 4)",20,125,-3.200000
back,"(7, 3, 5)",19,115,-3.173915
back,"(7, 3, 6)",18,110,-3.181820
back,"(7, 3, 7)",27,115,-2.826085
back,"(7, 3, 8)",22,135,-3.185185
back,"(7, 3, 9)",31,200,-3.225000
back,"(7, 3, 10)",60,270,-2.888890
back,"(7, 3, 11)",66,420,-3.214285
back,"(7, 3, 12)",92,520,-3.115385
back,"(7, 3, 13)",118,800,-3.262500
back,"(7, 3, 14)",228,1295,-3.119690
back,"(7, 3)",742,4340,-3.145160
back,"(7, 2, 3)",24,140,-3.142855
back,"(7, 2, 4)",19,160,-3.406250
back,"(7, 2, 5)",14,110,-3.363635
back,"(7, 2, 6)",22,120,-3.083335
back,"(7, 2, 7)",20,120,-3.166665
back,"(7, 2, 8)",25,155,-3.193550
back,"(7, 2, 9)",28,145,-3.034485
back,"(7, 2, 10)",42,285,-3.263160
back,"(7, 2, 11)",46,260,-3.115385
back,"(7, 2, 12)",99,545,-3.091745
back,"(7, 2, 13)",113,875,-3.354285
back,"(7, 2, 14)",205,1225,-3.163265
back,"(7, 2)",657,4140,-3.206520
back,"(8, 14, 4)",21,25,2.720000
back,"(8, 14, 5)",43,50,2.880000
back,"(8, 14, 6)",39,50,2.240000
back,"(8, 14, 7)",146,170,2.870592
back,"(8, 14, 8)",164,195,2.728208
back,"(8, 14, 9)",240,295,2.508472
back,"(8, 14, 10)",470,575,2.539128
back,"(8, 14, 11)",990,1190,2.655464
back,"(8, 14, 12)",1857,2210,2.722168
back,"(8, 14, 13)",4376,5230,2.693688
back,"(8, 14)",8346,9990,2.683480
back,"(8, 13, 4)",21,25,2.720000
back,"(8, 13, 5)",53,60,3.066664
back,"(8, 13, 6)",49,65,2.030768
back,"(8, 13, 7)",83,105,2.323808
back,"(8, 13, 8)",154,200,2.160000
back,"(8, 13, 9)",218,270,2.459256
back,"(8, 13, 10)",452,575,2.288696
back,"(8, 13, 11)",819,1045,2.269856
back,"(8, 13, 12)",1786,2275,2.280440
back,"(8, 13, 14)",3970,4965,2.396776
back,"(8, 13)",7609,9590,2.347448
back,"(8, 12, 5)",14,20,1.600000
back,"(8, 12, 6)",29,40,1.800000
back,"(8, 12, 7)",47,60,2.266664
back,"(8, 12, 8)",125,165,2.060608
back,"(8, 12, 9)",186,265,1.615096
back,"(8, 12, 10)",336,430,2.251160
back,"(8, 12, 11)",652,885,1.893784
back,"(8, 12, 13)",1734,2275,2.097584
back,"(8, 12, 14)",3808,4865,2.261872
back,"(8, 12)",6934,9010,2.156712
back,"(8, 11, 5)",30,45,1.333336
back,"(8, 11, 6)",28,40,1.600000
back,"(8, 11, 7)",52,80,1.200000
back,"(8, 11, 8)",77,115,1.356520
back,"(8, 11, 9)",134,190,1.642104
back,"(8, 11, 10)",332,470,1.651064
back,"(8, 11, 12)",735,995,1.909544
back,"(8, 11, 13)",1513,2105,1.750120
back,"(8, 11, 14)",3349,4505,1.947168
back,"(8, 11)",6254,8550,1.851696
back,"(8, 10, 6)",49,70,1.600000
back,"(8, 10, 7)",56,80,1.600000
back,"(8, 10, 8)",83,115,1.773912
back,"(8, 10, 9)",125,180,1.555552
back,"(8, 10, 11)",281,405,1.550616
back,"(8, 10, 12)",645,905,1.701656
back,"(8, 10, 13)",1308,1865,1.610720
back,"(8, 10, 14)",3082,4355,1.661536
back,"(8, 10)",5638,7990,1.645056
back,"(8, 9, 5)",18,25,1.760000
back,"(8, 9, 6)",41,60,1.466664
back,"(8, 9, 7)",85,120,1.666664
back,"(8, 9, 8)",86,130,1.292304
back,"(8, 9, 10)",150,235,1.106384
back,"(8, 9, 11)",291,445,1.231464
back,"(8, 9, 12)",549,795,1.524528
back,"(8, 9, 13)",1156,1735,1.330256
back,"(8, 9, 14)",2523,3755,1.375232
back,"(8, 9)",4908,7310,1.371272
back,"(8, 8, 5)",22,35,1.028568
back,"(8, 8, 6)",46,70,1.257144
back,"(8, 8, 7)",81,125,1.184000
back,"(8, 8, 9)",72,110,1.236360
back,"(8, 8, 10)",153,230,1.321736
back,"(8, 8, 11)",278,450,0.942224
back,"(8, 8, 12)",546,825,1.294544
back,"(8, 8, 13)",1039,1625,1.115080
back,"(8, 8, 14)",2378,3605,1.277112
back,"(8, 8)",4623,7090,1.216360
back,"(8, 7, 4)",16,25,1.120000
back,"(8, 7, 5)",32,50,1.120000
back,"(8, 7, 6)",59,85,1.552944
back,"(8, 7, 8)",49,85,0.611768
back,"(8, 7, 9)",89,155,0.593552
back,"(8, 7, 10)",118,205,0.604880
back,"(8, 7, 11)",241,385,1.007792
back,"(8, 7, 12)",348,580,0.800000
back,"(8, 7, 13)",945,1540,0.909088
back,"(8, 7, 14)",2142,3440,0.981392
back,"(8, 7)",4044,6555,0.935472
back,"(8, 6, 4)",20,35,0.571432
back,"(8, 6, 5)",19,35,0.342856
back,"(8, 6, 7)",56,100,0.480000
back,"(8, 6, 8)",98,160,0.900000
back,"(8, 6, 9)",69,110,1.018184
back,"(8, 6, 10)",167,285,0.687720
back,"(8, 6, 11)",187,315,0.749208
back,"(8, 6, 12)",437,720,0.855552
back,"(8, 6, 13)",938,1535,0.888600
back,"(8, 6, 14)",1978,3305,0.787896
back,"(8, 6)",3969,6600,0.810912
back,"(8, 5, 6)",23,40,0.600000
back,"(8, 5, 7)",51,85,0.800000
back,"(8, 5, 8)",36,70,0.114288
back,"(8, 5, 9)",43,80,0.300000
back,"(8, 5, 10)",69,115,0.800000
back,"(8, 5, 11)",188,315,0.774600
back,"(8, 5, 12)",357,650,0.393848
back,"(8, 5, 13)",787,1430,0.402800
back,"(8, 5, 14)",1890,3305,0.574888
back,"(8, 5)",3450,6105,0.520888
back,"(8, 4, 5)",19,35,0.342856
back,"(8, 4, 6)",16,30,0.266664
back,"(8, 4, 7)",29,55,0.218184
back,"(8, 4, 8)",49,110,-0.436360
back,"(8, 4, 9)",48,100,-0.160000
back,"(8, 4, 10)",84,145,0.634480
back,"(8, 4, 11)",124,225,0.408888
back,"(8, 4, 12)",266,485,0.387632
back,"(8, 4, 13)",680,1270,0.283464
back,"(8, 4, 14)",1826,3365,0.341160
back,"(8, 4)",3141,5820,0.317528
back,"(8, 3, 5)",11,20,0.400000
back,"(8, 3, 6)",12,30,-0.800000
back,"(8, 3, 7)",24,40,0.800000
back,"(8, 3, 8)",56,100,0.480000
back,"(8, 3, 9)",36,75,-0.160000
back,"(8, 3, 10)",105,185,0.540544
back,"(8, 3, 11)",118,260,-0.369232
back,"(8, 3, 12)",279,545,0.095416
back,"(8, 3, 13)",558,1085,0.114288
back,"(8, 3, 14)",1484,2900,0.093792
back,"(8, 3)",2687,5245,0.098376
back,"(8, 2, 6)",36,65,0.430768
back,"(8, 2, 7)",23,45,0.088888
back,"(8, 2, 8)",26,50,0.160000
back,"(8, 2, 9)",44,90,-0.088888
back,"(8, 2, 10)",56,140,-0.800000
back,"(8, 2, 11)",142,295,-0.149152
back,"(8, 2, 12)",272,535,0.067288
back,"(8, 2, 13)",562,1100,0.087272
back,"(8, 2, 14)",1477,2935,0.025896
back,"(8, 2)",2642,5265,0.014432
back,"(9, 14, 5)",3727,4095,4.191206
back,"(9, 14, 13)",4013,4320,4.360415
back,"(9, 14)",7740,8415,4.278074
back,"(9, 13, 12)",2521,2780,4.161515
back,"(9, 13)",2521,2780,4.161515
back,"(9, 12, 11)",2654,2920,4.180136
back,"(9, 12)",2654,2920,4.180136
back,"(9, 11, 10)",2283,2560,4.026173
back,"(9, 11)",2283,2560,4.026173
back,"(9, 10, 9)",2409,2730,3.941762
back,"(9, 10)",2409,2730,3.941762
back,"(9, 9, 8)",2383,2725,3.870455
back,"(9, 9)",2383,2725,3.870455
back,"(9, 8, 7)",2239,2615,3.705926
back,"(9, 8)",2239,2615,3.705926
back,"(9, 7, 6)",2124,2470,3.739271
back,"(9, 7)",2124,2470,3.739271
back,"(9, 6, 5)",1853,2185,3.632495
back,"(9, 6)",1853,2185,3.632495
back,"(10, 14, 3)",62,65,5.538460
back,"(10, 14, 4)",595,620,5.596770
back,"(10, 14)",657,685,5.591240
back,"(10, 13, 3)",52,55,5.454550
back,"(10, 13, 4)",676,730,5.260270
back,"(10, 13)",728,785,5.273890
back,"(10, 12, 3)",41,45,5.111110
back,"(10, 12, 4)",641,675,5.496300
back,"(10, 12)",682,720,5.472220
back,"(10, 11, 3)",58,60,5.666670
back,"(10, 11, 4)",609,650,5.369230
back,"(10, 11)",667,710,5.394370
back,"(10, 10, 3)",47,50,5.400000
back,"(10, 10, 4)",561,595,5.428570
back,"(10, 10)",608,645,5.426360
back,"(10, 9, 3)",48,55,4.727270
back,"(10, 9, 4)",621,665,5.338350
back,"(10, 9)",669,720,5.291670
back,"(10, 8, 3)",29,35,4.285710
back,"(10, 8, 4)",591,620,5.532260
back,"(10, 8)",620,655,5.465650
back,"(10, 7, 3)",82,90,5.111110
back,"(10, 7, 4)",437,470,5.297870
back,"(10, 7)",519,560,5.267860
back,"(10, 6, 3)",46,50,5.200000
back,"(10, 6, 4)",551,590,5.338980
back,"(10, 6)",597,640,5.328130
back,"(10, 5, 3)",34,40,4.500000
back,"(10, 5, 4)",583,625,5.328000
back,"(10, 5)",617,665,5.278200
back,"(10, 4, 3)",48,50,5.600000
back,"(10, 4, 4)",545,590,5.237290
back,"(10, 4)",593,640,5.265620
back,"(10, 3, 3)",40,45,4.888890
back,"(10, 3, 4)",507,540,5.388890
back,"(10, 3)",547,585,5.350430
back,"(10, 2, 3)",48,55,4.727270
back,"(10, 2, 4)",558,605,5.223140
back,"(10, 2)",606,660,5.181820
back,"(11, 14, 6)",1260,1275,7.858820
back,"(11, 14, 13)",1421,1450,7.760000
back,"(11, 14)",2681,2725,7.806236
back,"(11, 13, 12)",1106,1130,7.745132
back,"(11, 13)",1106,1130,7.745132
back,"(11, 12, 11)",1026,1040,7.838456
back,"(11, 12)",1026,1040,7.838456
back,"(11, 11, 10)",1046,1070,7.730840
back,"(11, 11)",1046,1070,7.730840
back,"(11, 10, 9)",937,960,7.712504
back,"(11, 10)",937,960,7.712504
back,"(11, 9, 8)",986,1020,7.600004
back,"(11, 9)",986,1020,7.600004
back,"(11, 8, 7)",1002,1035,7.617392
back,"(11, 8)",1002,1035,7.617392
back,"(11, 7, 6)",874,905,7.588952
back,"(11, 7)",874,905,7.588952
back,"(12, 14, 4)",113,115,9.756526
back,"(12, 14)",113,115,9.756526
back,"(12, 13, 4)",105,110,9.363630
back,"(12, 13)",110,115,9.391308
back,"(12, 12, 4)",69,70,9.799996
back,"(12, 12)",69,70,9.799996
back,"(12, 11, 4)",99,100,9.860000
back,"(12, 11)",99,100,9.860000
back,"(12, 10, 4)",79,80,9.825000
back,"(12, 10)",79,80,9.825000
back,"(12, 9, 4)",88,90,9.688892
back,"(12, 9)",88,90,9.688892
back,"(12, 8, 4)",108,110,9.745452
back,"(12, 8)",108,110,9.745452
back,"(12, 7, 4)",85,85,10.000000
back,"(12, 7)",85,85,10.000000
back,"(12, 6, 4)",120,120,10.000000
back,"(12, 6)",120,120,10.000000
back,"(12, 5, 4)",135,135,10.000000
back,"(12, 5)",135,135,10.000000
back,"(12, 4, 4)",99,100,9.860000
back,"(12, 4)",99,100,9.860000
back,"(12, 3, 4)",110,110,10.000000
back,"(12, 3)",110,110,10.000000
back,"(12, 2, 4)",138,140,9.799996
back,"(12, 2)",138,140,9.799996
back,"(13, 14, 7)",468,470,10.936175
back,"(13, 14, 13)",419,420,10.964285
back,"(13, 14)",887,890,10.949435
back,"(13, 13, 12)",274,275,10.945460
back,"(13, 13)",274,275,10.945460
back,"(13, 12, 11)",298,300,10.899995
back,"(13, 12)",298,300,10.899995
back,"(13, 11, 10)",243,245,10.877555
back,"(13, 11)",243,245,10.877555
back,"(13, 10, 9)",290,290,11.000000
back,"(13, 10)",290,290,11.000000
back,"(13, 9, 8)",264,265,10.943390
back,"(13, 9)",264,265,10.943390
back,"(13, 8, 7)",354,360,10.749995
back,"(13, 8)",354,360,10.749995
back,"(14, 11, 4)",25,25,14.000000
back,"(14, 11)",25,25,14.000000
back,"(14, 3, 4)",25,25,14.000000
back,"(14, 3)",25,25,14.000000
back,"(15, 14, 8)",145,145,14.000000
back,"(15, 14, 13)",120,120,14.000000
back,"(15, 14)",265,265,14.000000
back,"(15, 13, 12)",109,110,13.836362
back,"(15, 13)",109,110,13.836362
back,"(15, 12, 11)",70,70,14.000000
back,"(15, 12)",70,70,14.000000
back,"(15, 11, 10)",100,100,14.000000
back,"(15, 11)",100,100,14.000000
back,"(15, 10, 9)",115,115,14.000000
back,"(15, 10)",115,115,14.000000
back,"(15, 9, 8)",80,80,14.000000
back,"(15, 9)",80,80,14.000000
front,"(1, 14, 8)",3,60,-1.850000
front,"(1, 14, 9)",10,180,-1.833332
front,"(1, 14, 10)",12,455,-1.920878
front,"(1, 14, 11)",61,1160,-1.842242
front,"(1, 14, 12)",117,2555,-1.862621
front,"(1, 14, 13)",322,5200,-1.814231
front,"(1, 14)",526,9635,-1.836221
front,"(1, 13, 7)",0,30,-2.000000
front,"(1, 13, 8)",1,145,-1.979309
front,"(1, 13, 9)",7,350,-1.940000
front,"(1, 13, 10)",20,845,-1.928993
front,"(1, 13, 11)",51,1990,-1.923116
front,"(1, 13, 12)",127,3455,-1.889726
front,"(1, 13)",207,6835,-1.909145
front,"(1, 12, 7)",0,20,-2.000000
front,"(1, 12, 8)",1,100,-1.970000
front,"(1, 12, 9)",3,405,-1.977779
front,"(1, 12, 10)",7,870,-1.975862
front,"(1, 12, 11)",19,1790,-1.968155
front,"(1, 12)",30,3195,-1.971830
front,"(1, 11, 8)",0,145,-2.000000
front,"(1, 11, 9)",4,385,-1.968830
front,"(1, 11, 10)",4,905,-1.986740
front,"(1, 11)",8,1455,-1.983506
front,"(1, 10, 8)",0,105,-2.000000
front,"(1, 10, 9)",1,345,-1.991303
front,"(1, 10)",1,485,-1.993814
front,"(1, 9, 7)",0,25,-2.000000
front,"(1, 9, 8)",0,115,-2.000000
front,"(1, 9)",0,160,-2.000000
front,"(1, 8)",0,20,-2.000000
front,"(2, 14, 6)",11,20,-0.350000
front,"(2, 14, 7)",41,70,-0.242858
front,"(2, 14, 8)",16,40,-0.800000
front,"(2, 14, 9)",45,90,-0.500000
front,"(2, 14, 10)",41,90,-0.633332
front,"(2, 14, 11)",84,180,-0.599999
front,"(2, 14, 12)",93,230,-0.786956
front,"(2, 14, 13)",295,660,-0.659090
front,"(2, 14)",632,1395,-0.640859
front,"(2, 13, 6)",15,45,-1.000001
front,"(2, 13, 7)",29,90,-1.033334
front,"(2, 13, 8)",75,190,-0.815789
front,"(2, 13, 9)",123,285,-0.705263
front,"(2, 13, 10)",208,480,-0.700001
front,"(2, 13, 11)",452,1075,-0.738605
front,"(2, 13, 12)",720,1625,-0.670769
front,"(2, 13, 14)",382,920,-0.754349
front,"(2, 13)",2009,4720,-0.723092
front,"(2, 12, 6)",26,50,-0.440000
front,"(2, 12, 7)",71,150,-0.580001
front,"(2, 12, 8)",142,310,-0.625805
front,"(2, 12, 9)",230,510,-0.647060
front,"(2, 12, 10)",336,830,-0.785543
front,"(2, 12, 11)",567,1335,-0.725843
front,"(2, 12, 13)",622,1425,-0.690527
front,"(2, 12, 14)",466,1055,-0.674882
front,"(2, 12)",2468,5685,-0.697625
front,"(2, 11, 4)",5,20,-1.250000
front,"(2, 11, 5)",11,30,-0.899999
front,"(2, 11, 6)",33,95,-0.957896
front,"(2, 11, 7)",86,200,-0.710000
front,"(2, 11, 8)",187,440,-0.725000
front,"(2, 11, 9)",349,850,-0.768236
front,"(2, 11, 10)",462,1195,-0.840167
front,"(2, 11, 12)",468,1125,-0.752000
front,"(2, 11, 13)",641,1540,-0.751298
front,"(2, 11, 14)",431,1045,-0.762680
front,"(2, 11)",2675,6545,-0.773873
front,"(2, 10, 5)",9,25,-0.920000
front,"(2, 10, 6)",46,110,-0.745454
front,"(2, 10, 7)",103,285,-0.915788
front,"(2, 10, 8)",197,555,-0.935135
front,"(2, 10, 9)",409,1035,-0.814493
front,"(2, 10, 11)",352,910,-0.839561
front,"(2, 10, 12)",466,1200,-0.835001
front,"(2, 10, 13)",547,1385,-0.815162
front,"(2, 10, 14)",352,890,-0.813482
front,"(2, 10)",2481,6395,-0.836123
front,"(2, 9, 5)",14,50,-1.160000
front,"(2, 9, 6)",59,175,-0.988571
front,"(2, 9, 7)",190,575,-1.008695
front,"(2, 9, 8)",312,900,-0.959999
front,"(2, 9, 10)",295,830,-0.933734
front,"(2, 9, 11)",374,1105,-0.984614
front,"(2, 9, 12)",547,1425,-0.848420
front,"(2, 9, 13)",640,1770,-0.915254
front,"(2, 9, 14)",525,1390,-0.866906
front,"(2, 9)",2961,8235,-0.921311
front,"(2, 8, 4)",14,40,-0.950000
front,"(2, 8, 5)",16,55,-1.127273
front,"(2, 8, 6)",89,335,-1.202984
front,"(2, 8, 7)",162,590,-1.176272
front,"(2, 8, 9)",236,705,-0.995744
front,"(2, 8, 10)",260,865,-1.098266
front,"(2, 8, 11)",469,1525,-1.077377
front,"(2, 8, 12)",594,1845,-1.034147
front,"(2, 8, 13)",838,2405,-0.954677
front,"(2, 8, 14)",558,1690,-1.009466
front,"(2, 8)",3236,10055,-1.034510
front,"(2, 7, 4)",3,20,-1.550000
front,"(2, 7, 5)",49,155,-1.051613
front,"(2, 7, 6)",122,395,-1.073417
front,"(2, 7, 8)",124,480,-1.225001
front,"(2, 7, 9)",182,660,-1.172726
front,"(2, 7, 10)",286,985,-1.128935
front,"(2, 7, 11)",364,1265,-1.136759
front,"(2, 7, 12)",600,1990,-1.095476
front,"(2, 7, 13)",818,2525,-1.028120
front,"(2, 7, 14)",707,2380,-1.108823
front,"(2, 7)",3255,10855,-1.100414
front,"(2, 6, 4)",21,80,-1.212500
front,"(2, 6, 5)",35,120,-1.124999
front,"(2, 6, 7)",61,225,-1.186667
front,"(2, 6, 8)",113,425,-1.202354
front,"(2, 6, 9)",169,640,-1.207814
front,"(2, 6, 10)",246,1060,-1.303775
front,"(2, 6, 11)",365,1615,-1.321982
front,"(2, 6, 12)",557,2060,-1.188836
front,"(2, 6, 13)",725,2760,-1.211957
front,"(2, 6, 14)",744,2975,-1.249748
front,"(2, 6)",3036,11960,-1.238462
front,"(2, 5, 4)",3,20,-1.550000
front,"(2, 5, 6)",16,60,-1.199999
front,"(2, 5, 7)",17,160,-1.681250
front,"(2, 5, 8)",74,370,-1.400000
front,"(2, 5, 9)",131,630,-1.376189
front,"(2, 5, 10)",184,915,-1.396721
front,"(2, 5, 11)",310,1480,-1.371623
front,"(2, 5, 12)",434,2125,-1.387295
front,"(2, 5, 13)",659,2870,-1.311149
front,"(2, 5, 14)",786,3195,-1.261973
front,"(2, 5)",2614,11825,-1.336829
front,"(2, 4, 7)",16,110,-1.563635
front,"(2, 4, 8)",50,335,-1.552238
front,"(2, 4, 9)",96,650,-1.556924
front,"(2, 4, 10)",116,695,-1.499282
front,"(2, 4, 11)",239,1490,-1.518791
front,"(2, 4, 12)",391,2225,-1.472810
front,"(2, 4, 13)",632,3490,-1.456733
front,"(2, 4, 14)",742,3795,-1.413440
front,"(2, 4)",2283,12810,-1.465340
front,"(2, 3, 7)",8,65,-1.630769
front,"(2, 3, 8)",27,240,-1.662500
front,"(2, 3, 9)",52,490,-1.681634
front,"(2, 3, 10)",105,825,-1.618181
front,"(2, 3, 11)",157,1380,-1.658696
front,"(2, 3, 12)",269,2350,-1.656596
front,"(2, 3, 13)",422,3225,-1.607441
front,"(2, 3, 14)",586,4215,-1.582919
front,"(2, 3)",1626,12790,-1.618607
front,"(2, 2, 8)",4,85,-1.858823
front,"(2, 2, 9)",26,335,-1.767164
front,"(2, 2, 10)",32,485,-1.802063
front,"(2, 2, 11)",83,1110,-1.775675
front,"(2, 2, 12)",166,2230,-1.776683
front,"(2, 2, 13)",328,3395,-1.710161
front,"(2, 2, 14)",437,4070,-1.677887
front,"(2, 2)",1078,11720,-1.724060
front,"(3, 14)",0,0,0.005782
front,"(3, 13)",0,0,-0.020244
front,"(3, 12)",0,0,-0.034958
front,"(3, 11)",0,0,-0.040212
front,"(3, 10)",0,0,-0.066178
front,"(3, 9)",0,0,-0.112804
front,"(3, 8)",0,0,-0.172342
front,"(3, 7)",0,0,-0.196504
front,"(3, 6)",0,0,-0.274444
front,"(3, 5)",0,0,-0.332498
front,"(3, 4)",0,0,-0.406608
front,"(3, 3)",0,0,-0.508508
front,"(3, 2)",0,0,-0.591218
front,"(4, 14, 2)",38,70,1.171428
front,"(4, 14, 3)",207,370,1.237836
front,"(4, 14, 4)",570,1020,1.235296
front,"(4, 14)",815,1460,1.232876
front,"(4, 13, 2)",52,95,1.189472
front,"(4, 13, 3)",224,415,1.159036
front,"(4, 13, 4)",581,1010,1.300992
front,"(4, 13)",857,1520,1.255264
front,"(4, 12, 2)",100,170,1.352940
front,"(4, 12, 3)",219,410,1.136584
front,"(4, 12, 4)",641,1210,1.119008
front,"(4, 12)",960,1790,1.145252
front,"(4, 11, 2)",55,95,1.315788
front,"(4, 11, 3)",249,425,1.343528
front,"(4, 11, 4)",668,1205,1.217428
front,"(4, 11)",972,1725,1.253912
front,"(4, 10, 2)",57,125,0.824000
front,"(4, 10, 3)",307,520,1.361540
front,"(4, 10, 4)",684,1220,1.242624
front,"(4, 10)",1048,1865,1.247720
front,"(4, 9, 2)",68,130,1.092308
front,"(4, 9, 3)",285,525,1.171428
front,"(4, 9, 4)",851,1545,1.203236
front,"(4, 9)",1204,2200,1.189092
front,"(4, 8, 2)",94,165,1.278788
front,"(4, 8, 3)",309,565,1.187612
front,"(4, 8, 4)",773,1480,1.089188
front,"(4, 8)",1176,2210,1.128508
front,"(4, 7, 2)",90,160,1.250000
front,"(4, 7, 3)",414,785,1.109556
front,"(4, 7, 4)",882,1630,1.164416
front,"(4, 7)",1386,2575,1.153008
front,"(4, 6, 2)",107,215,0.990696
front,"(4, 6, 3)",465,920,1.021740
front,"(4, 6, 4)",973,1845,1.109484
front,"(4, 6)",1545,2980,1.073824
front,"(4, 5, 2)",136,295,0.844068
front,"(4, 5, 3)",394,805,0.957764
front,"(4, 5, 4)",1022,1980,1.064648
front,"(4, 5)",1552,3080,1.015584
front,"(4, 4, 2)",120,245,0.959184
front,"(4, 4, 3)",483,1045,0.848804
front,"(4, 4, 4)",1269,2500,1.030400
front,"(4, 4)",1872,3790,0.975724
front,"(4, 3, 2)",139,295,0.884744
front,"(4, 3, 3)",585,1220,0.918032
front,"(4, 3, 4)",1283,2710,0.893728
front,"(4, 3)",2007,4225,0.900120
front,"(4, 2, 2)",126,315,0.600000
front,"(4, 2, 3)",663,1430,0.854544
front,"(4, 2, 4)",1491,3275,0.821068
front,"(4, 2)",2280,5020,0.816732
front,"(5, 14, 4)",16,20,3.000000
front,"(5, 14, 5)",36,55,2.272725
front,"(5, 14, 6)",196,260,2.769230
front,"(5, 14, 7)",432,535,3.037385
front,"(5, 14, 8)",799,1030,2.878640
front,"(5, 14, 9)",1421,1780,2.991575
front,"(5, 14, 10)",2149,2705,2.972275
front,"(5, 14, 11)",2937,3570,3.113445
front,"(5, 14, 12)",3702,4470,3.140940
front,"(5, 14, 13)",4705,5590,3.208410
front,"(5, 14, 14)",1461,1715,3.259475
front,"(5, 14)",17858,21735,3.108120
front,"(5, 13, 4)",43,60,2.583335
front,"(5, 13, 5)",118,160,2.687500
front,"(5, 13, 6)",258,350,2.685715
front,"(5, 13, 7)",569,810,2.512345
front,"(5, 13, 8)",1088,1515,2.590760
front,"(5, 13, 9)",1794,2470,2.631580
front,"(5, 13, 10)",2791,3785,2.686920
front,"(5, 13, 11)",3430,4650,2.688170
front,"(5, 13, 12)",4457,5810,2.835630
front,"(5, 13, 13)",1445,1890,2.822750
front,"(5, 13)",15993,21500,2.719300
front,"(5, 12, 4)",42,75,1.800000
front,"(5, 12, 5)",91,135,2.370370
front,"(5, 12, 6)",268,380,2.526315
front,"(5, 12, 7)",646,945,2.417990
front,"(5, 12, 8)",1171,1730,2.384395
front,"(5, 12, 9)",1871,2745,2.408015
front,"(5, 12, 10)",2554,3750,2.405335
front,"(5, 12, 11)",3536,5080,2.480315
front,"(5, 12, 12)",1217,1720,2.537790
front,"(5, 12)",11396,16560,2.440820
front,"(5, 11, 4)",16,25,2.200000
front,"(5, 11, 5)",85,140,2.035715
front,"(5, 11, 6)",236,380,2.105265
front,"(5, 11, 7)",660,1025,2.219510
front,"(5, 11, 8)",1095,1735,2.155620
front,"(5, 11, 9)",1748,2705,2.231055
front,"(5, 11, 10)",2333,3635,2.209080
front,"(5, 11, 11)",798,1245,2.204820
front,"(5, 11)",6981,10905,2.200825
front,"(5, 10, 3)",15,20,2.750000
front,"(5, 10, 4)",25,45,1.777780
front,"(5, 10, 5)",74,125,1.960000
front,"(5, 10, 6)",261,440,1.965910
front,"(5, 10, 7)",684,1070,2.196260
front,"(5, 10, 8)",1111,1875,1.962665
front,"(5, 10, 9)",1638,2695,2.038960
front,"(5, 10, 10)",582,935,2.112300
front,"(5, 10)",4390,7205,2.046495
front,"(5, 9, 4)",35,60,1.916665
front,"(5, 9, 5)",124,220,1.818180
front,"(5, 9, 6)",280,485,1.886600
front,"(5, 9, 7)",600,1015,1.955665
front,"(5, 9, 8)",987,1715,1.877550
front,"(5, 9, 9)",369,640,1.882810
front,"(5, 9)",2395,4135,1.896010
front,"(5, 8, 4)",25,45,1.777780
front,"(5, 8, 5)",115,195,1.948720
front,"(5, 8, 6)",269,485,1.773195
front,"(5, 8, 7)",546,940,1.904255
front,"(5, 8, 8)",238,420,1.833335
front,"(5, 8)",1193,2085,1.860910
front,"(5, 7, 4)",20,40,1.500000
front,"(5, 7, 5)",118,180,2.277780
front,"(5, 7, 6)",259,460,1.815215
front,"(5, 7, 7)",125,210,1.976190
front,"(5, 7)",530,900,1.944445
front,"(5, 6, 4)",30,55,1.727275
front,"(5, 6, 5)",69,120,1.875000
front,"(5, 6, 6)",41,65,2.153845
front,"(5, 6)",144,250,1.880000
front,"(5, 5, 4)",30,50,2.000000
front,"(5, 5, 5)",27,45,2.000000
front,"(5, 5)",57,95,2.000000
front,"(5, 4)",8,20,1.000000
front,"(6, 14, 5)",2319,2450,3.732655
front,"(6, 14, 13)",1887,1985,3.753150
front,"(6, 14)",4206,4435,3.741825
front,"(6, 13, 12)",2115,2265,3.668875
front,"(6, 13)",2115,2265,3.668875
front,"(6, 12, 11)",2229,2415,3.614905
front,"(6, 12)",2229,2415,3.614905
front,"(6, 11, 10)",2392,2615,3.573615
front,"(6, 11)",2392,2615,3.573615
front,"(6, 10, 9)",2667,2920,3.566780
front,"(6, 10)",2667,2920,3.566780
front,"(6, 9, 8)",2845,3165,3.494470
front,"(6, 9)",2845,3165,3.494470
front,"(6, 8, 7)",3133,3530,3.437675
front,"(6, 8)",3133,3530,3.437675
front,"(6, 7, 6)",3520,4000,3.400000
front,"(6, 7)",3520,4000,3.400000
front,"(6, 6, 5)",3885,4495,3.321470
front,"(6, 6)",3885,4495,3.321470
front,"(7, 14, 2)",30,30,5.000000
front,"(7, 14, 5)",20,20,5.000000
front,"(7, 14, 7)",20,20,5.000000
front,"(7, 14)",170,170,5.000000
front,"(7, 13, 4)",35,35,5.000000
front,"(7, 13, 5)",25,25,5.000000
front,"(7, 13, 7)",45,45,5.000000
front,"(7, 13, 8)",20,20,5.000000
front,"(7, 13, 9)",20,20,5.000000
front,"(7, 13, 11)",40,40,5.000000
front,"(7, 13, 14)",40,40,5.000000
front,"(7, 13)",255,255,5.000000
front,"(7, 12, 2)",50,50,5.000000
front,"(7, 12, 3)",50,50,5.000000
front,"(7, 12, 4)",45,45,5.000000
front,"(7, 12, 5)",65,65,5.000000
front,"(7, 12, 6)",50,50,5.000000
front,"(7, 12, 7)",35,35,5.000000
front,"(7, 12, 8)",50,50,5.000000
front,"(7, 12, 11)",20,20,5.000000
front,"(7, 12)",415,415,5.000000
front,"(7, 11, 2)",55,55,5.000000
front,"(7, 11, 3)",99,100,4.940000
front,"(7, 11, 4)",75,75,5.000000
front,"(7, 11, 5)",50,50,5.000000
front,"(7, 11, 6)",39,40,4.850000
front,"(7, 11, 7)",30,30,5.000000
front,"(7, 11, 8)",25,25,5.000000
front,"(7, 11, 10)",24,25,4.760000
front,"(7, 11)",432,435,4.958618
front,"(7, 10, 2)",94,95,4.936844
front,"(7, 10, 3)",120,120,5.000000
front,"(7, 10, 4)",110,110,5.000000
front,"(7, 10, 5)",50,50,5.000000
front,"(7, 10, 6)",35,35,5.000000
front,"(7, 10, 7)",65,65,5.000000
front,"(7, 10, 8)",35,35,5.000000
front,"(7, 10, 9)",30,30,5.000000
front,"(7, 10, 11)",29,30,4.800002
front,"(7, 10, 12)",30,30,5.000000
front,"(7, 10, 13)",20,20,5.000000
front,"(7, 10)",632,635,4.971656
front,"(7, 9, 2)",128,130,4.907690
front,"(7, 9, 3)",110,110,5.000000
front,"(7, 9, 4)",104,105,4.942856
front,"(7, 9, 5)",90,90,5.000000
front,"(7, 9, 6)",60,60,5.000000
front,"(7, 9, 7)",50,50,5.000000
front,"(7, 9, 8)",38,40,4.700000
front,"(7, 9, 10)",30,30,5.000000
front,"(7, 9, 12)",20,20,5.000000
front,"(7, 9)",669,675,4.946666
front,"(7, 8, 2)",164,165,4.963634
front,"(7, 8, 3)",83,85,4.858826
front,"(7, 8, 4)",135,135,5.000000
front,"(7, 8, 5)",148,150,4.920002
front,"(7, 8, 6)",94,95,4.936844
front,"(7, 8, 7)",60,60,5.000000
front,"(7, 8, 9)",60,60,5.000000
front,"(7, 8, 10)",44,45,4.866668
front,"(7, 8, 11)",20,20,5.000000
front,"(7, 8, 12)",24,25,4.760000
front,"(7, 8)",857,865,4.944506
front,"(7, 7, 2)",253,255,4.952942
front,"(7, 7, 3)",158,160,4.925000
front,"(7, 7, 4)",124,125,4.952000
front,"(7, 7, 5)",84,85,4.929410
front,"(7, 7, 6)",115,115,5.000000
front,"(7, 7, 8)",106,110,4.781816
front,"(7, 7, 9)",30,30,5.000000
front,"(7, 7, 10)",29,30,4.800002
front,"(7, 7, 11)",30,30,5.000000
front,"(7, 7, 12)",40,40,5.000000
front,"(7, 7, 13)",35,35,5.000000
front,"(7, 7, 14)",20,20,5.000000
front,"(7, 7)",1024,1035,4.936232
front,"(7, 6, 2)",239,245,4.853060
front,"(7, 6, 3)",218,220,4.945454
front,"(7, 6, 4)",180,180,5.000000
front,"(7, 6, 5)",163,165,4.927274
front,"(7, 6, 7)",80,80,5.000000
front,"(7, 6, 8)",90,90,5.000000
front,"(7, 6, 9)",49,50,4.880000
front,"(7, 6, 10)",50,50,5.000000
front,"(7, 6, 11)",53,55,4.781816
front,"(7, 6, 12)",35,35,5.000000
front,"(7, 6)",1177,1190,4.934456
front,"(7, 5, 2)",395,400,4.925000
front,"(7, 5, 3)",298,305,4.862294
front,"(7, 5, 4)",216,220,4.890908
front,"(7, 5, 6)",138,140,4.914284
front,"(7, 5, 7)",112,115,4.843478
front,"(7, 5, 8)",97,100,4.820000
front,"(7, 5, 9)",50,50,5.000000
front,"(7, 5, 10)",84,85,4.929410
front,"(7, 5, 11)",68,70,4.828574
front,"(7, 5, 12)",24,25,4.760000
front,"(7, 5, 13)",22,25,4.280000
front,"(7, 5)",1504,1535,4.878830
front,"(7, 4, 2)",375,390,4.769228
front,"(7, 4, 3)",317,325,4.852310
front,"(7, 4, 5)",235,245,4.755104
front,"(7, 4, 6)",153,155,4.922582
front,"(7, 4, 7)",154,160,4.775000
front,"(7, 4, 8)",136,140,4.828574
front,"(7, 4, 9)",68,70,4.828574
front,"(7, 4, 10)",25,25,5.000000
front,"(7, 4, 11)",49,50,4.880000
front,"(7, 4, 12)",49,50,4.880000
front,"(7, 4, 13)",20,20,5.000000
front,"(7, 4)",1586,1635,4.820186
front,"(7, 3, 2)",499,525,4.702856
front,"(7, 3, 4)",295,305,4.803278
front,"(7, 3, 5)",262,270,4.822220
front,"(7, 3, 6)",237,245,4.804082
front,"(7, 3, 7)",117,120,4.850000
front,"(7, 3, 8)",87,90,4.800002
front,"(7, 3, 9)",96,100,4.760000
front,"(7, 3, 10)",88,90,4.866668
front,"(7, 3, 11)",45,50,4.400000
front,"(7, 3, 12)",24,25,4.760000
front,"(7, 3, 13)",25,25,5.000000
front,"(7, 3)",1790,1860,4.774196
front,"(7, 2, 3)",454,475,4.734734
front,"(7, 2, 4)",342,355,4.780280
front,"(7, 2, 5)",328,335,4.874624
front,"(7, 2, 6)",332,355,4.611266
front,"(7, 2, 7)",288,300,4.760000
front,"(7, 2, 8)",191,200,4.730000
front,"(7, 2, 9)",127,130,4.861538
front,"(7, 2, 10)",92,100,4.520000
front,"(7, 2, 11)",40,40,5.000000
front,"(7, 2, 12)",67,70,4.742858
front,"(7, 2, 13)",28,30,4.599998
front,"(7, 2, 14)",24,25,4.760000
front,"(7, 2)",2313,2415,4.746584
front,"(8, 8)",30,30,12.000000
front,"(8, 7)",30,30,12.000000
front,"(8, 6)",30,30,12.000000
front,"(8, 5)",55,55,12.000000
front,"(8, 4, 10)",25,25,12.000000
front,"(8, 4)",65,65,12.000000
front,"(8, 3, 10)",20,20,12.000000
front,"(8, 3)",105,105,12.000000
front,"(8, 2, 9)",20,20,12.000000
front,"(8, 2)",75,75,12.000000
middle,"(1, 14)",0,35,-4.000000
middle,"(1, 13, 8)",0,35,-4.000000
middle,"(1, 13)",0,45,-4.000000
middle,"(2, 14)",0,35,-4.000000
middle,"(2, 13)",0,30,-4.000000
middle,"(2, 12)",0,35,-4.000000
middle,"(2, 10)",1,25,-3.800000
middle,"(2, 8)",0,35,-4.000000
middle,"(2, 7)",0,25,-4.000000
middle,"(2, 5)",0,30,-4.000000
middle,"(2, 2, 11)",0,20,-4.000000
middle,"(2, 2)",0,40,-4.000000
middle,"(3, 14, 2)",5,55,-3.545455
middle,"(3, 14, 3)",6,80,-3.625000
middle,"(3, 14, 4)",4,60,-3.666665
middle,"(3, 14, 5)",9,120,-3.625000
middle,"(3, 14, 6)",23,225,-3.488890
middle,"(3, 14, 7)",16,180,-3.555555
middle,"(3, 14, 8)",15,150,-3.500000
middle,"(3, 14, 9)",25,225,-3.444445
middle,"(3, 14, 10)",21,225,-3.533335
middle,"(3, 14, 11)",29,330,-3.560605
middle,"(3, 14, 12)",41,505,-3.594060
middle,"(3, 14, 13)",54,680,-3.602940
middle,"(3, 14)",248,2835,-3.562610
middle,"(3, 13, 2)",4,30,-3.333335
middle,"(3, 13, 3)",5,90,-3.722220
middle,"(3, 13, 4)",3,95,-3.842105
middle,"(3, 13, 5)",19,240,-3.604165
middle,"(3, 13, 6)",15,285,-3.736840
middle,"(3, 13, 7)",18,290,-3.689655
middle,"(3, 13, 8)",24,390,-3.692310
middle,"(3, 13, 9)",58,685,-3.576640
middle,"(3, 13, 10)",50,780,-3.679485
middle,"(3, 13, 11)",96,1210,-3.603305
middle,"(3, 13, 12)",124,1520,-3.592105
middle,"(3, 13)",416,5615,-3.629565
middle,"(3, 12, 2)",2,75,-3.866665
middle,"(3, 12, 3)",1,75,-3.933335
middle,"(3, 12, 4)",10,150,-3.666665
middle,"(3, 12, 5)",13,190,-3.657895
middle,"(3, 12, 6)",15,290,-3.741380
middle,"(3, 12, 7)",22,440,-3.750000
middle,"(3, 12, 8)",34,590,-3.711865
middle,"(3, 12, 9)",43,790,-3.727850
middle,"(3, 12, 10)",67,1200,-3.720835
middle,"(3, 12, 11)",94,1495,-3.685620
middle,"(3, 12)",301,5295,-3.715770
middle,"(3, 11, 2)",1,50,-3.900000
middle,"(3, 11, 3)",7,125,-3.720000
middle,"(3, 11, 4)",2,160,-3.937500
middle,"(3, 11, 5)",6,175,-3.828570
middle,"(3, 11, 6)",20,355,-3.718310
middle,"(3, 11, 7)",18,535,-3.831775
middle,"(3, 11, 8)",28,785,-3.821655
middle,"(3, 11, 9)",50,985,-3.746195
middle,"(3, 11, 10)",55,1185,-3.767930
middle,"(3, 11)",187,4355,-3.785305
middle,"(3, 10, 2)",1,25,-3.800000
middle,"(3, 10, 3)",0,45,-4.000000
middle,"(3, 10, 4)",8,150,-3.733335
middle,"(3, 10, 5)",9,240,-3.812500
middle,"(3, 10, 6)",9,360,-3.875000
middle,"(3, 10, 7)",16,605,-3.867770
middle,"(3, 10, 8)",22,750,-3.853335
middle,"(3, 10, 9)",23,1000,-3.885000
middle,"(3, 10)",88,3175,-3.861415
middle,"(3, 9, 2)",0,20,-4.000000
middle,"(3, 9, 3)",1,65,-3.923075
middle,"(3, 9, 4)",5,185,-3.864865
middle,"(3, 9, 5)",3,305,-3.950820
middle,"(3, 9, 6)",6,445,-3.932585
middle,"(3, 9, 7)",12,735,-3.918365
middle,"(3, 9, 8)",22,965,-3.886010
middle,"(3, 9)",49,2720,-3.909925
middle,"(3, 8, 2)",1,45,-3.888890
middle,"(3, 8, 3)",0,115,-4.000000
middle,"(3, 8, 4)",1,195,-3.974360
middle,"(3, 8, 5)",4,290,-3.931035
middle,"(3, 8, 6)",7,525,-3.933335
middle,"(3, 8, 7)",8,695,-3.942445
middle,"(3, 8)",21,1865,-3.943700
middle,"(3, 7, 2)",0,55,-4.000000
middle,"(3, 7, 3)",1,160,-3.968750
middle,"(3, 7, 4)",1,225,-3.977780
middle,"(3, 7, 5)",0,290,-4.000000
middle,"(3, 7, 6)",6,505,-3.940595
middle,"(3, 7)",8,1235,-3.967610
middle,"(3, 6, 2)",1,40,-3.875000
middle,"(3, 6, 3)",0,120,-4.000000
middle,"(3, 6, 4)",3,205,-3.926830
middle,"(3, 6, 5)",1,255,-3.980390
middle,"(3, 6)",5,620,-3.959675
middle,"(3, 5, 2)",0,30,-4.000000
middle,"(3, 5, 3)",1,80,-3.937500
middle,"(3, 5, 4)",0,135,-4.000000
middle,"(3, 5)",1,245,-3.979590
middle,"(3, 4, 2)",0,35,-4.000000
middle,"(3, 4, 3)",0,140,-4.000000
middle,"(3, 4)",0,175,-4.000000
middle,"(3, 3, 2)",0,50,-4.000000
middle,"(3, 3)",0,50,-4.000000
middle,"(4, 14)",0,0,-3.213655
middle,"(4, 13)",0,0,-3.387365
middle,"(4, 12)",0,0,-3.529320
middle,"(4, 11)",0,0,-3.627820
middle,"(4, 10)",0,0,-3.724240
middle,"(4, 9)",0,0,-3.784470
middle,"(4, 8)",0,0,-3.815695
middle,"(4, 7)",0,0,-3.870635
middle,"(4, 6)",0,0,-3.858005
middle,"(5, 14, 4)",5,20,-1.250000
middle,"(5, 14, 5)",9,50,-1.460000
middle,"(5, 14, 6)",68,265,-1.230188
middle,"(5, 14, 7)",109,450,-1.273334
middle,"(5, 14, 8)",241,1075,-1.327442
middle,"(5, 14, 9)",439,1870,-1.295723
middle,"(5, 14, 10)",734,2865,-1.231415
middle,"(5, 14, 11)",1218,4710,-1.224203
middle,"(5, 14, 12)",1809,6265,-1.133759
middle,"(5, 14, 13)",2676,8730,-1.080413
middle,"(5, 14, 14)",783,2315,-0.985313
middle,"(5, 14)",8092,28620,-1.151783
middle,"(5, 13, 4)",3,25,-1.640000
middle,"(5, 13, 5)",5,60,-1.750001
middle,"(5, 13, 6)",39,225,-1.480001
middle,"(5, 13, 7)",104,505,-1.382177
middle,"(5, 13, 8)",187,1055,-1.468247
middle,"(5, 13, 9)",341,1960,-1.478060
middle,"(5, 13, 10)",559,2945,-1.430561
middle,"(5, 13, 11)",853,4305,-1.405574
middle,"(5, 13, 12)",1340,6135,-1.344743
middle,"(5, 13, 13)",410,1740,-1.293104
middle,"(5, 13)",3841,18955,-1.392086
middle,"(5, 12, 5)",12,90,-1.600001
middle,"(5, 12, 6)",26,205,-1.619513
middle,"(5, 12, 7)",66,560,-1.646429
middle,"(5, 12, 8)",150,945,-1.523810
middle,"(5, 12, 9)",239,1705,-1.579472
middle,"(5, 12, 10)",390,2525,-1.536635
middle,"(5, 12, 11)",595,3625,-1.507586
middle,"(5, 12, 12)",248,1415,-1.474205
middle,"(5, 12)",1728,11085,-1.532342
middle,"(5, 11, 4)",2,25,-1.760000
middle,"(5, 11, 5)",8,50,-1.520000
middle,"(5, 11, 6)",20,160,-1.625000
middle,"(5, 11, 7)",50,445,-1.662920
middle,"(5, 11, 8)",112,910,-1.630769
middle,"(5, 11, 9)",216,1600,-1.595000
middle,"(5, 11, 10)",272,2050,-1.601951
middle,"(5, 11, 11)",91,730,-1.626026
middle,"(5, 11)",771,5975,-1.612886
middle,"(5, 10, 5)",4,60,-1.799999
middle,"(5, 10, 6)",21,165,-1.618181
middle,"(5, 10, 7)",54,485,-1.665980
middle,"(5, 10, 8)",72,745,-1.710068
middle,"(5, 10, 9)",126,1070,-1.646729
middle,"(5, 10, 10)",42,390,-1.676924
middle,"(5, 10)",321,2925,-1.670768
middle,"(5, 9, 4)",0,20,-2.000000
middle,"(5, 9, 5)",7,85,-1.752941
middle,"(5, 9, 6)",13,145,-1.731035
middle,"(5, 9, 7)",27,350,-1.768571
middle,"(5, 9, 8)",95,750,-1.619999
middle,"(5, 9, 9)",22,240,-1.724999
middle,"(5, 9)",164,1590,-1.690565
middle,"(5, 8, 5)",9,60,-1.550000
middle,"(5, 8, 6)",13,135,-1.711112
middle,"(5, 8, 7)",54,480,-1.662500
middle,"(5, 8, 8)",29,205,-1.575611
middle,"(5, 8)",108,895,-1.637990
middle,"(5, 7, 4)",2,25,-1.760000
middle,"(5, 7, 5)",5,65,-1.769231
middle,"(5, 7, 6)",16,140,-1.657142
middle,"(5, 7, 7)",8,70,-1.657142
middle,"(5, 7)",31,300,-1.690001
middle,"(5, 6, 4)",1,25,-1.880000
middle,"(5, 6, 6)",2,20,-1.700000
middle,"(5, 6)",6,60,-1.700000
middle,"(6, 14, 5)",7111,12300,-0.265610
middle,"(6, 14, 13)",5201,8610,-0.187805
middle,"(6, 14)",12312,20910,-0.233573
middle,"(6, 13, 12)",4386,8090,-0.373547
middle,"(6, 13)",4386,8090,-0.373547
middle,"(6, 12, 11)",4103,8065,-0.473777
middle,"(6, 12)",4103,8065,-0.473777
middle,"(6, 11, 10)",4276,8695,-0.524669
middle,"(6, 11)",4276,8695,-0.524669
middle,"(6, 10, 9)",3948,8785,-0.651794
middle,"(6, 10)",3948,8785,-0.651794
middle,"(6, 9, 8)",3771,8850,-0.721694
middle,"(6, 9)",3771,8850,-0.721694
middle,"(6, 8, 7)",3294,8390,-0.822170
middle,"(6, 8)",3294,8390,-0.822170
middle,"(6, 7, 6)",2848,7805,-0.905318
middle,"(6, 7)",2848,7805,-0.905318
middle,"(6, 6, 5)",2403,6900,-0.955217
middle,"(6, 6)",2403,6900,-0.955217
middle,"(7, 14, 2)",203,220,1.690908
middle,"(7, 14, 3)",132,145,1.641380
middle,"(7, 14, 4)",241,265,1.637736
middle,"(7, 14, 5)",219,235,1.727660
middle,"(7, 14, 6)",227,245,1.706124
middle,"(7, 14, 7)",298,315,1.784128
middle,"(7, 14, 8)",291,310,1.754840
middle,"(7, 14, 9)",367,400,1.670000
middle,"(7, 14, 10)",449,485,1.703092
middle,"(7, 14, 11)",464,505,1.675248
middle,"(7, 14, 12)",499,545,1.662384
middle,"(7, 14, 13)",351,365,1.846576
middle,"(7, 14)",3741,4035,1.708552
middle,"(7, 13, 2)",325,360,1.611112
middle,"(7, 13, 3)",345,385,1.584416
middle,"(7, 13, 4)",267,305,1.501640
middle,"(7, 13, 5)",391,430,1.637208
middle,"(7, 13, 6)",364,395,1.686076
middle,"(7, 13, 7)",407,455,1.578020
middle,"(7, 13, 8)",393,430,1.655812
middle,"(7, 13, 9)",535,585,1.658120
middle,"(7, 13, 10)",561,620,1.619356
middle,"(7, 13, 11)",499,570,1.501756
middle,"(7, 13, 12)",579,630,1.676192
middle,"(7, 13, 14)",426,460,1.704348
middle,"(7, 13)",5092,5625,1.620976
middle,"(7, 12, 2)",359,395,1.635444
middle,"(7, 12, 3)",388,435,1.567816
middle,"(7, 12, 4)",391,435,1.595404
middle,"(7, 12, 5)",364,420,1.466668
middle,"(7, 12, 6)",383,435,1.521840
middle,"(7, 12, 7)",503,560,1.592856
middle,"(7, 12, 8)",536,610,1.514756
middle,"(7, 12, 9)",618,710,1.481692
middle,"(7, 12, 10)",619,690,1.588404
middle,"(7, 12, 11)",611,690,1.542028
middle,"(7, 12, 13)",488,540,1.614816
middle,"(7, 12, 14)",320,360,1.555556
middle,"(7, 12)",5580,6280,1.554140
middle,"(7, 11, 2)",412,470,1.506384
middle,"(7, 11, 3)",356,415,1.431324
middle,"(7, 11, 4)",471,545,1.456880
middle,"(7, 11, 5)",422,495,1.410100
middle,"(7, 11, 6)",438,505,1.469308
middle,"(7, 11, 7)",503,585,1.439316
middle,"(7, 11, 8)",471,540,1.488888
middle,"(7, 11, 9)",553,650,1.403076
middle,"(7, 11, 10)",587,690,1.402900
middle,"(7, 11, 12)",514,595,1.455464
middle,"(7, 11, 13)",417,495,1.369696
middle,"(7, 11, 14)",332,380,1.494736
middle,"(7, 11)",5476,6365,1.441320
middle,"(7, 10, 2)",370,465,1.182796
middle,"(7, 10, 3)",499,590,1.383052
middle,"(7, 10, 4)",436,530,1.290568
middle,"(7, 10, 5)",414,490,1.379592
middle,"(7, 10, 6)",536,635,1.376376
middle,"(7, 10, 7)",548,660,1.321212
middle,"(7, 10, 8)",665,805,1.304348
middle,"(7, 10, 9)",650,765,1.398692
middle,"(7, 10, 11)",501,595,1.368068
middle,"(7, 10, 12)",493,570,1.459648
middle,"(7, 10, 13)",443,535,1.312148
middle,"(7, 10, 14)",257,305,1.370492
middle,"(7, 10)",5812,6945,1.347444
middle,"(7, 9, 2)",410,495,1.313132
middle,"(7, 9, 3)",378,455,1.323076
middle,"(7, 9, 4)",418,500,1.344000
middle,"(7, 9, 5)",499,610,1.272132
middle,"(7, 9, 6)",519,645,1.218604
middle,"(7, 9, 7)",564,670,1.367164
middle,"(7, 9, 8)",635,790,1.215188
middle,"(7, 9, 10)",550,670,1.283584
middle,"(7, 9, 11)",552,655,1.370992
middle,"(7, 9, 12)",568,690,1.292752
middle,"(7, 9, 13)",467,575,1.248696
middle,"(7, 9, 14)",222,265,1.350944
middle,"(7, 9)",5782,7020,1.294588
middle,"(7, 8, 2)",397,510,1.113724
middle,"(7, 8, 3)",452,575,1.144348
middle,"(7, 8, 4)",383,505,1.033664
middle,"(7, 8, 5)",439,565,1.107964
middle,"(7, 8, 6)",596,730,1.265752
middle,"(7, 8, 7)",645,840,1.071428
middle,"(7, 8, 9)",719,870,1.305748
middle,"(7, 8, 10)",568,700,1.245716
middle,"(7, 8, 11)",588,740,1.178380
middle,"(7, 8, 12)",582,710,1.278872
middle,"(7, 8, 13)",484,590,1.281356
middle,"(7, 8, 14)",253,315,1.212700
middle,"(7, 8)",6106,7650,1.192680
middle,"(7, 7, 2)",409,560,0.921428
middle,"(7, 7, 3)",481,625,1.078400
middle,"(7, 7, 4)",458,595,1.078992
middle,"(7, 7, 5)",547,720,1.038888
middle,"(7, 7, 6)",507,670,1.026864
middle,"(7, 7, 8)",621,790,1.144304
middle,"(7, 7, 9)",578,730,1.167124
middle,"(7, 7, 10)",584,765,1.053596
middle,"(7, 7, 11)",602,775,1.107096
middle,"(7, 7, 12)",479,600,1.193332
middle,"(7, 7, 13)",408,525,1.108572
middle,"(7, 7, 14)",207,260,1.184616
middle,"(7, 7)",5881,7615,1.089168
middle,"(7, 6, 2)",413,560,0.950000
middle,"(7, 6, 3)",497,670,0.967164
middle,"(7, 6, 4)",534,745,0.867116
middle,"(7, 6, 5)",496,675,0.939260
middle,"(7, 6, 7)",657,910,0.887912
middle,"(7, 6, 8)",545,735,0.965988
middle,"(7, 6, 9)",644,880,0.927272
middle,"(7, 6, 10)",483,670,0.883584
middle,"(7, 6, 11)",459,600,1.060000
middle,"(7, 6, 12)",458,620,0.954840
middle,"(7, 6, 13)",441,575,1.067828
middle,"(7, 6, 14)",195,260,1.000000
middle,"(7, 6)",5822,7900,0.947848
middle,"(7, 5, 2)",477,675,0.826668
middle,"(7, 5, 3)",479,680,0.817648
middle,"(7, 5, 4)",532,740,0.875676
middle,"(7, 5, 6)",484,685,0.826276
middle,"(7, 5, 7)",541,730,0.964384
middle,"(7, 5, 8)",535,745,0.872484
middle,"(7, 5, 9)",516,730,0.827396
middle,"(7, 5, 10)",532,755,0.818544
middle,"(7, 5, 11)",448,615,0.913820
middle,"(7, 5, 12)",469,675,0.779260
middle,"(7, 5, 13)",396,540,0.933332
middle,"(7, 5, 14)",235,330,0.848484
middle,"(7, 5)",5644,7900,0.857720
middle,"(7, 4, 2)",598,890,0.687640
middle,"(7, 4, 3)",599,870,0.754024
middle,"(7, 4, 5)",414,610,0.714756
middle,"(7, 4, 6)",422,615,0.744716
middle,"(7, 4, 7)",402,615,0.614636
middle,"(7, 4, 8)",453,715,0.534264
middle,"(7, 4, 9)",461,670,0.752240
middle,"(7, 4, 10)",659,965,0.731608
middle,"(7, 4, 11)",525,780,0.692308
middle,"(7, 4, 12)",541,810,0.671604
middle,"(7, 4, 13)",481,730,0.635616
middle,"(7, 4, 14)",152,245,0.481632
middle,"(7, 4)",5707,8515,0.680916
middle,"(7, 3, 2)",559,875,0.555428
middle,"(7, 3, 4)",391,625,0.502400
middle,"(7, 3, 5)",487,765,0.546404
middle,"(7, 3, 6)",443,705,0.513476
middle,"(7, 3, 7)",498,805,0.474536
middle,"(7, 3, 8)",465,735,0.530612
middle,"(7, 3, 9)",571,880,0.595456
middle,"(7, 3, 10)",560,840,0.666668
middle,"(7, 3, 11)",578,870,0.657472
middle,"(7, 3, 12)",521,820,0.541464
middle,"(7, 3, 13)",469,695,0.699280
middle,"(7, 3, 14)",198,295,0.684744
middle,"(7, 3)",5740,8910,0.576880
middle,"(7, 2, 3)",546,860,0.539536
middle,"(7, 2, 4)",389,625,0.489600
middle,"(7, 2, 5)",431,655,0.632060
middle,"(7, 2, 6)",392,655,0.393892
middle,"(7, 2, 7)",376,620,0.425808
middle,"(7, 2, 8)",470,760,0.473684
middle,"(7, 2, 9)",530,825,0.569696
middle,"(7, 2, 10)",520,840,0.476192
middle,"(7, 2, 11)",577,890,0.593260
middle,"(7, 2, 12)",582,940,0.476596
middle,"(7, 2, 13)",468,765,0.447060
middle,"(7, 2, 14)",176,265,0.656604
middle,"(7, 2)",5457,8700,0.508964
middle,"(8, 14, 8)",30,30,8.000000
middle,"(8, 14, 9)",30,30,8.000000
middle,"(8, 14, 10)",25,25,8.000000
middle,"(8, 14, 11)",60,60,8.000000
middle,"(8, 14, 12)",124,125,7.920000
middle,"(8, 14, 13)",313,315,7.936510
middle,"(8, 14)",617,620,7.951610
middle,"(8, 13, 7)",20,20,8.000000
middle,"(8, 13, 8)",45,45,8.000000
middle,"(8, 13, 9)",50,50,8.000000
middle,"(8, 13, 10)",60,60,8.000000
middle,"(8, 13, 11)",160,160,8.000000
middle,"(8, 13, 12)",165,165,8.000000
middle,"(8, 13, 14)",274,275,7.963640
middle,"(8, 13)",794,795,7.987420
middle,"(8, 12, 6)",20,20,8.000000
middle,"(8, 12, 7)",25,25,8.000000
middle,"(8, 12, 8)",63,65,7.692310
middle,"(8, 12, 9)",65,65,8.000000
middle,"(8, 12, 10)",159,160,7.937500
middle,"(8, 12, 11)",162,165,7.818180
middle,"(8, 12, 13)",179,180,7.944440
middle,"(8, 12, 14)",249,250,7.960000
middle,"(8, 12)",932,940,7.914890
middle,"(8, 11, 6)",20,20,8.000000
middle,"(8, 11, 7)",25,25,8.000000
middle,"(8, 11, 8)",93,95,7.789470
middle,"(8, 11, 9)",88,90,7.777780
middle,"(8, 11, 10)",158,160,7.875000
middle,"(8, 11, 12)",160,160,8.000000
middle,"(8, 11, 13)",198,200,7.900000
middle,"(8, 11, 14)",269,270,7.962960
middle,"(8, 11)",1026,1035,7.913040
middle,"(8, 10, 5)",20,20,8.000000
middle,"(8, 10, 6)",35,35,8.000000
middle,"(8, 10, 7)",43,45,7.555560
middle,"(8, 10, 8)",85,85,8.000000
middle,"(8, 10, 9)",148,150,7.866670
middle,"(8, 10, 11)",172,175,7.828570
middle,"(8, 10, 12)",242,245,7.877550
middle,"(8, 10, 13)",236,240,7.833330
middle,"(8, 10, 14)",305,310,7.838710
middle,"(8, 10)",1296,1315,7.855510
middle,"(8, 9, 5)",30,30,8.000000
middle,"(8, 9, 6)",40,40,8.000000
middle,"(8, 9, 7)",43,45,7.555560
middle,"(8, 9, 8)",99,100,7.900000
middle,"(8, 9, 10)",114,115,7.913040
middle,"(8, 9, 11)",218,220,7.909090
middle,"(8, 9, 12)",212,220,7.636360
middle,"(8, 9, 13)",236,240,7.833330
middle,"(8, 9, 14)",311,320,7.718750
middle,"(8, 9)",1313,1340,7.798510
middle,"(8, 8, 5)",25,25,8.000000
middle,"(8, 8, 6)",43,45,7.555560
middle,"(8, 8, 7)",49,50,7.800000
middle,"(8, 8, 9)",94,95,7.894740
middle,"(8, 8, 10)",158,160,7.875000
middle,"(8, 8, 11)",260,265,7.811320
middle,"(8, 8, 12)",265,270,7.814810
middle,"(8, 8, 13)",353,360,7.805560
middle,"(8, 8, 14)",301,305,7.868850
middle,"(8, 8)",1563,1590,7.830190
middle,"(8, 7, 4)",23,25,7.200000
middle,"(8, 7, 5)",38,40,7.500000
middle,"(8, 7, 6)",34,35,7.714290
middle,"(8, 7, 8)",45,45,8.000000
middle,"(8, 7, 9)",124,125,7.920000
middle,"(8, 7, 10)",165,175,7.428570
middle,"(8, 7, 11)",232,240,7.666670
middle,"(8, 7, 12)",240,245,7.795920
middle,"(8, 7, 13)",369,375,7.840000
middle,"(8, 7, 14)",378,390,7.692310
middle,"(8, 7)",1648,1695,7.722710
middle,"(8, 6, 4)",24,25,7.600000
middle,"(8, 6, 5)",32,35,7.142860
middle,"(8, 6, 7)",54,55,7.818180
middle,"(8, 6, 8)",89,90,7.888890
middle,"(8, 6, 9)",127,130,7.769230
middle,"(8, 6, 10)",184,185,7.945950
middle,"(8, 6, 11)",236,245,7.632650
middle,"(8, 6, 12)",383,390,7.820510
middle,"(8, 6, 13)",323,330,7.787880
middle,"(8, 6, 14)",342,350,7.771430
middle,"(8, 6)",1794,1835,7.776570
middle,"(8, 5, 3)",19,20,7.500000
middle,"(8, 5, 6)",35,35,8.000000
middle,"(8, 5, 7)",48,50,7.600000
middle,"(8, 5, 8)",66,70,7.428570
middle,"(8, 5, 9)",112,115,7.739130
middle,"(8, 5, 10)",176,180,7.777780
middle,"(8, 5, 11)",286,300,7.533330
middle,"(8, 5, 12)",390,410,7.512200
middle,"(8, 5, 13)",373,390,7.564100
middle,"(8, 5, 14)",409,420,7.738100
middle,"(8, 5)",1923,2000,7.615000
middle,"(8, 4, 5)",19,20,7.500000
middle,"(8, 4, 6)",33,35,7.428570
middle,"(8, 4, 7)",54,55,7.818180
middle,"(8, 4, 8)",90,95,7.473680
middle,"(8, 4, 9)",130,135,7.629630
middle,"(8, 4, 10)",198,205,7.658540
middle,"(8, 4, 11)",271,280,7.678570
middle,"(8, 4, 12)",388,410,7.463410
middle,"(8, 4, 13)",503,530,7.490570
middle,"(8, 4, 14)",367,385,7.532470
middle,"(8, 4)",2062,2160,7.546300
middle,"(8, 3, 5)",22,25,6.800000
middle,"(8, 3, 6)",39,40,7.750000
middle,"(8, 3, 7)",60,65,7.230770
middle,"(8, 3, 8)",71,80,6.875000
middle,"(8, 3, 9)",116,120,7.666670
middle,"(8, 3, 10)",216,225,7.600000
middle,"(8, 3, 11)",384,405,7.481480
middle,"(8, 3, 12)",373,390,7.564100
middle,"(8, 3, 13)",495,520,7.519230
middle,"(8, 3, 14)",469,500,7.380000
middle,"(8, 3)",2259,2385,7.471700
middle,"(8, 2, 6)",39,40,7.750000
middle,"(8, 2, 7)",51,55,7.272730
middle,"(8, 2, 8)",114,120,7.500000
middle,"(8, 2, 9)",122,125,7.760000
middle,"(8, 2, 10)",153,165,7.272730
middle,"(8, 2, 11)",350,370,7.459460
middle,"(8, 2, 12)",435,455,7.560440
middle,"(8, 2, 13)",545,570,7.561400
middle,"(8, 2, 14)",467,495,7.434340
middle,"(8, 2)",2290,2410,7.502070
middle,"(9, 14, 5)",45,45,10.000000
middle,"(9, 14, 13)",65,65,10.000000
middle,"(9, 14)",110,110,10.000000
middle,"(9, 13, 12)",65,65,10.000000
middle,"(9, 13)",65,65,10.000000
middle,"(9, 12, 11)",60,60,10.000000
middle,"(9, 12)",60,60,10.000000
middle,"(9, 11, 10)",69,70,9.828568
middle,"(9, 11)",69,70,9.828568
middle,"(9, 10, 9)",45,45,10.000000
middle,"(9, 10)",45,45,10.000000
middle,"(9, 9, 8)",104,105,9.885712
middle,"(9, 9)",104,105,9.885712
middle,"(9, 8, 7)",90,90,10.000000
middle,"(9, 8)",90,90,10.000000
middle,"(9, 7, 6)",90,90,10.000000
middle,"(9, 7)",90,90,10.000000
middle,"(9, 6, 5)",130,130,10.000000
middle,"(9, 6)",130,130,10.000000
middle,"(10, 3, 4)",20,20,12.000000
middle,"(10, 3)",20,20,12.000000
