position,hand_rank_tuple,wins,total_matchups,win_rate
back,"(1, 2)",0,1000,0.000100
back,"(1, 3)",0,1000,0.000100
back,"(1, 4)",0,1000,0.000100
back,"(1, 5)",0,1000,0.000100
back,"(1, 6)",0,1000,0.000100
back,"(1, 7)",0,1000,0.000100
back,"(1, 8)",0,1000,0.000100
back,"(1, 9)",0,1000,0.000100
back,"(1, 10)",0,1000,0.000100
back,"(1, 11)",0,1000,0.000100
back,"(1, 12)",0,1000,0.000100
back,"(1, 13)",0,1000,0.000100
back,"(1, 14)",0,1000,0.000100
back,"(2, 2)",0,1000,0.000100
back,"(2, 3)",0,1000,0.000100
back,"(2, 4)",0,1000,0.000100
back,"(2, 5)",0,1000,0.000100
back,"(2, 6)",0,1000,0.000100
back,"(2, 7)",0,1000,0.000100
back,"(2, 8)",0,1000,0.000100
back,"(2, 9)",0,1000,0.000100
back,"(2, 10)",0,1000,0.000100
back,"(2, 11)",0,1000,0.000100
back,"(2, 12)",0,1000,0.000100
back,"(2, 13)",0,1000,0.000100
back,"(2, 14)",0,1000,0.000100
back,"(3, 2)",0,1000,0.000127
back,"(3, 3)",0,1000,0.000127
back,"(3, 4)",0,1000,0.000127
back,"(3, 5)",0,1000,0.000127
back,"(3, 6)",0,1000,0.000127
back,"(3, 7)",0,1000,0.000147
back,"(3, 8)",0,1000,0.000139
back,"(3, 9)",0,1000,0.000198
back,"(3, 10)",0,1000,0.000184
back,"(3, 11)",0,1000,0.000250
back,"(3, 12)",0,1000,0.000284
back,"(3, 13)",0,1000,0.000333
back,"(3, 14)",0,1000,0.000494
back,"(4, 2)",1,1000,0.000805
back,"(4, 3)",1,1000,0.000805
back,"(4, 4)",1,1000,0.000805
back,"(4, 5)",1,1000,0.000805
back,"(4, 6)",1,1000,0.000805
back,"(4, 7)",1,1000,0.000932
back,"(4, 8)",1,1000,0.000881
back,"(4, 9)",1,1000,0.001258
back,"(4, 10)",1,1000,0.001170
back,"(4, 11)",2,1000,0.001586
back,"(4, 12)",2,1000,0.001802
back,"(4, 13)",2,1000,0.002116
back,"(4, 14)",3,1000,0.003133
back,"(5, 2)",0,1000,0.000100
back,"(5, 3)",0,1000,0.000100
back,"(5, 4)",0,1000,0.000100
back,"(5, 5)",0,1000,0.000100
back,"(5, 6)",0,1000,0.000100
back,"(5, 7)",0,1000,0.000100
back,"(5, 8)",0,1000,0.000100
back,"(5, 9)",0,1000,0.000100
back,"(5, 10)",0,1000,0.000100
back,"(5, 11)",0,1000,0.000100
back,"(5, 12)",0,1000,0.000100
back,"(5, 13)",0,1000,0.000100
back,"(5, 14)",20,1000,0.019881
back,"(6, 2)",32,1000,0.032432
back,"(6, 3)",32,1000,0.032432
back,"(6, 4)",32,1000,0.032432
back,"(6, 5)",32,1000,0.032432
back,"(6, 6)",32,1000,0.032432
back,"(6, 7)",38,1000,0.037551
back,"(6, 8)",35,1000,0.035465
back,"(6, 9)",51,1000,0.050679
back,"(6, 10)",47,1000,0.047126
back,"(6, 11)",64,1000,0.063872
back,"(6, 12)",73,1000,0.072590
back,"(6, 13)",85,1000,0.085222
back,"(6, 14)",126,1000,0.126175
back,"(7, 2)",159,1000,0.158696
back,"(7, 3)",171,1000,0.170968
back,"(7, 4)",184,1000,0.184416
back,"(7, 5)",199,1000,0.198773
back,"(7, 6)",225,1000,0.224704
back,"(7, 7)",225,1000,0.224618
back,"(7, 8)",260,1000,0.260344
back,"(7, 9)",286,1000,0.285643
back,"(7, 10)",306,1000,0.306179
back,"(7, 11)",337,1000,0.337152
back,"(7, 12)",374,1000,0.374125
back,"(7, 13)",416,1000,0.416419
back,"(7, 14)",476,1000,0.475535
back,"(8, 2)",502,1000,0.501804
back,"(8, 3)",512,1000,0.512297
back,"(8, 4)",540,1000,0.539691
back,"(8, 5)",565,1000,0.565111
back,"(8, 6)",601,1000,0.601364
back,"(8, 7)",617,1000,0.616934
back,"(8, 8)",652,1000,0.652045
back,"(8, 9)",671,1000,0.671409
back,"(8, 10)",706,1000,0.705632
back,"(8, 11)",731,1000,0.731462
back,"(8, 12)",770,1000,0.769589
back,"(8, 13)",793,1000,0.793431
back,"(8, 14)",835,1000,0.835435
back,"(9, 2)",848,1000,0.848055
back,"(9, 3)",848,1000,0.848055
back,"(9, 4)",848,1000,0.848055
back,"(9, 5)",848,1000,0.848055
back,"(9, 6)",848,1000,0.848055
back,"(9, 7)",860,1000,0.859919
back,"(9, 8)",856,1000,0.856214
back,"(9, 9)",874,1000,0.874495
back,"(9, 10)",882,1000,0.882418
back,"(9, 11)",892,1000,0.891797
back,"(9, 12)",909,1000,0.908904
back,"(9, 13)",907,1000,0.906835
back,"(9, 14)",920,1000,0.919786
back,"(10, 2)",918,1000,0.918182
back,"(10, 3)",935,1000,0.935043
back,"(10, 4)",927,1000,0.926562
back,"(10, 5)",928,1000,0.927820
back,"(10, 6)",933,1000,0.932813
back,"(10, 7)",927,1000,0.926786
back,"(10, 8)",947,1000,0.946565
back,"(10, 9)",929,1000,0.929167
back,"(10, 10)",943,1000,0.942636
back,"(10, 11)",939,1000,0.939437
back,"(10, 12)",947,1000,0.947222
back,"(10, 13)",927,1000,0.927389
back,"(10, 14)",959,1000,0.959124
back,"(11, 2)",966,1000,0.965746
back,"(11, 3)",966,1000,0.965746
back,"(11, 4)",966,1000,0.965746
back,"(11, 5)",966,1000,0.965746
back,"(11, 6)",966,1000,0.965746
back,"(11, 7)",966,1000,0.965746
back,"(11, 8)",968,1000,0.968116
back,"(11, 9)",967,1000,0.966667
back,"(11, 10)",976,1000,0.976042
back,"(11, 11)",978,1000,0.977570
back,"(11, 12)",987,1000,0.986538
back,"(11, 13)",979,1000,0.978761
back,"(11, 14)",984,1000,0.983853
back,"(12, 2)",986,1000,0.985714
back,"(12, 3)",1000,1000,1.000000
back,"(12, 4)",990,1000,0.990000
back,"(12, 5)",1000,1000,1.000000
back,"(12, 6)",1000,1000,1.000000
back,"(12, 7)",1000,1000,1.000000
back,"(12, 8)",982,1000,0.981818
back,"(12, 9)",978,1000,0.977778
back,"(12, 10)",988,1000,0.987500
back,"(12, 11)",990,1000,0.990000
back,"(12, 12)",986,1000,0.985714
back,"(12, 13)",957,1000,0.956522
back,"(12, 14)",983,1000,0.982609
back,"(13, 2)",983,1000,0.983333
back,"(13, 3)",983,1000,0.983333
back,"(13, 4)",983,1000,0.983333
back,"(13, 5)",983,1000,0.983333
back,"(13, 6)",983,1000,0.983333
back,"(13, 7)",983,1000,0.983333
back,"(13, 8)",983,1000,0.983333
back,"(13, 9)",996,1000,0.996226
back,"(13, 10)",1000,1000,1.000000
back,"(13, 11)",992,1000,0.991837
back,"(13, 12)",993,1000,0.993333
back,"(13, 13)",996,1000,0.996364
back,"(13, 14)",997,1000,0.996629
back,"(14, 2)",1000,1000,1.000000
back,"(14, 3)",1000,1000,1.000000
back,"(14, 4)",1000,1000,1.000000
back,"(14, 5)",1000,1000,1.000000
back,"(14, 6)",1000,1000,1.000000
back,"(14, 7)",1000,1000,1.000000
back,"(14, 8)",1000,1000,1.000000
back,"(14, 9)",1000,1000,1.000000
back,"(14, 10)",1000,1000,1.000000
back,"(14, 11)",1000,1000,1.000000
back,"(14, 12)",1000,1000,1.000000
back,"(14, 13)",1000,1000,1.000000
back,"(14, 14)",1000,1000,1.000000
back,"(15, 2)",1000,1000,1.000000
back,"(15, 3)",1000,1000,1.000000
back,"(15, 4)",1000,1000,1.000000
back,"(15, 5)",1000,1000,1.000000
back,"(15, 6)",1000,1000,1.000000
back,"(15, 7)",1000,1000,1.000000
back,"(15, 8)",1000,1000,1.000000
back,"(15, 9)",1000,1000,1.000000
back,"(15, 10)",1000,1000,1.000000
back,"(15, 11)",1000,1000,1.000000
back,"(15, 12)",1000,1000,1.000000
back,"(15, 13)",991,1000,0.990909
back,"(15, 14)",1000,1000,1.000000
front,"(1, 2)",0,1000,0.000100
front,"(1, 3)",0,1000,0.000100
front,"(1, 4)",0,1000,0.000100
front,"(1, 5)",0,1000,0.000100
front,"(1, 6)",0,1000,0.000100
front,"(1, 7)",0,1000,0.000100
front,"(1, 8)",0,1000,0.000100
front,"(1, 9)",0,1000,0.000100
front,"(1, 10)",2,1000,0.002062
front,"(1, 11)",5,1000,0.005498
front,"(1, 12)",9,1000,0.009390
front,"(1, 13)",30,1000,0.030285
front,"(1, 14)",55,1000,0.054593
front,"(2, 2)",92,1000,0.091980
front,"(2, 3)",127,1000,0.127131
front,"(2, 4)",178,1000,0.178220
front,"(2, 5)",221,1000,0.221057
front,"(2, 6)",254,1000,0.253846
front,"(2, 7)",300,1000,0.299862
front,"(2, 8)",322,1000,0.321830
front,"(2, 9)",360,1000,0.359563
front,"(2, 10)",388,1000,0.387959
front,"(2, 11)",409,1000,0.408709
front,"(2, 12)",434,1000,0.434125
front,"(2, 13)",426,1000,0.425636
front,"(2, 14)",453,1000,0.453047
front,"(3, 2)",204,1000,0.204391
front,"(3, 3)",246,1000,0.245746
front,"(3, 4)",297,1000,0.296696
front,"(3, 5)",334,1000,0.333751
front,"(3, 6)",363,1000,0.362778
front,"(3, 7)",402,1000,0.401748
front,"(3, 8)",414,1000,0.413829
front,"(3, 9)",444,1000,0.443598
front,"(3, 10)",467,1000,0.466911
front,"(3, 11)",480,1000,0.479894
front,"(3, 12)",483,1000,0.482521
front,"(3, 13)",490,1000,0.489878
front,"(3, 14)",503,1000,0.502891
front,"(4, 2)",454,1000,0.454183
front,"(4, 3)",475,1000,0.475030
front,"(4, 4)",494,1000,0.493931
front,"(4, 5)",504,1000,0.503896
front,"(4, 6)",518,1000,0.518456
front,"(4, 7)",538,1000,0.538252
front,"(4, 8)",532,1000,0.532127
front,"(4, 9)",547,1000,0.547273
front,"(4, 10)",562,1000,0.561930
front,"(4, 11)",563,1000,0.563478
front,"(4, 12)",536,1000,0.536313
front,"(4, 13)",564,1000,0.563816
front,"(4, 14)",558,1000,0.558219
front,"(5, 2)",400,1000,0.400000
front,"(5, 3)",400,1000,0.400000
front,"(5, 4)",400,1000,0.400000
front,"(5, 5)",600,1000,0.600000
front,"(5, 6)",576,1000,0.576000
front,"(5, 7)",589,1000,0.588889
front,"(5, 8)",572,1000,0.572182
front,"(5, 9)",579,1000,0.579202
front,"(5, 10)",609,1000,0.609299
front,"(5, 11)",640,1000,0.640165
front,"(5, 12)",688,1000,0.688164
front,"(5, 13)",744,1000,0.743860
front,"(5, 14)",822,1000,0.821624
front,"(6, 2)",864,1000,0.864294
front,"(6, 3)",864,1000,0.864294
front,"(6, 4)",864,1000,0.864294
front,"(6, 5)",864,1000,0.864294
front,"(6, 6)",864,1000,0.864294
front,"(6, 7)",880,1000,0.880000
front,"(6, 8)",888,1000,0.887535
front,"(6, 9)",899,1000,0.898894
front,"(6, 10)",913,1000,0.913356
front,"(6, 11)",915,1000,0.914723
front,"(6, 12)",923,1000,0.922981
front,"(6, 13)",934,1000,0.933775
front,"(6, 14)",948,1000,0.948365
front,"(7, 2)",958,1000,0.957764
front,"(7, 3)",962,1000,0.962366
front,"(7, 4)",970,1000,0.970031
front,"(7, 5)",980,1000,0.979805
front,"(7, 6)",989,1000,0.989076
front,"(7, 7)",989,1000,0.989372
front,"(7, 8)",991,1000,0.990751
front,"(7, 9)",991,1000,0.991111
front,"(7, 10)",995,1000,0.995276
front,"(7, 11)",993,1000,0.993103
front,"(7, 12)",1000,1000,1.000000
front,"(7, 13)",1000,1000,1.000000
front,"(7, 14)",1000,1000,1.000000
front,"(8, 2)",1000,1000,1.000000
front,"(8, 3)",1000,1000,1.000000
front,"(8, 4)",1000,1000,1.000000
front,"(8, 5)",1000,1000,1.000000
front,"(8, 6)",1000,1000,1.000000
front,"(8, 7)",1000,1000,1.000000
front,"(8, 8)",1000,1000,1.000000
front,"(8, 9)",1000,1000,1.000000
front,"(8, 10)",1000,1000,1.000000
front,"(8, 11)",1000,1000,1.000000
front,"(8, 12)",1000,1000,1.000000
front,"(8, 13)",1000,1000,1.000000
front,"(8, 14)",1000,1000,1.000000
middle,"(1, 2)",0,1000,0.000100
middle,"(1, 3)",0,1000,0.000100
middle,"(1, 4)",0,1000,0.000100
middle,"(1, 5)",0,1000,0.000100
middle,"(1, 6)",0,1000,0.000100
middle,"(1, 7)",0,1000,0.000100
middle,"(1, 8)",0,1000,0.000100
middle,"(1, 9)",0,1000,0.000100
middle,"(1, 10)",0,1000,0.000100
middle,"(1, 11)",0,1000,0.000100
middle,"(1, 12)",0,1000,0.000100
middle,"(1, 13)",0,1000,0.000100
middle,"(1, 14)",0,1000,0.000100
middle,"(2, 2)",0,1000,0.000100
middle,"(2, 3)",0,1000,0.000100
middle,"(2, 4)",0,1000,0.000100
middle,"(2, 5)",0,1000,0.000100
middle,"(2, 6)",0,1000,0.000100
middle,"(2, 7)",0,1000,0.000100
middle,"(2, 8)",0,1000,0.000100
middle,"(2, 9)",20,1000,0.020000
middle,"(2, 10)",40,1000,0.040000
middle,"(2, 11)",20,1000,0.020000
middle,"(2, 12)",0,1000,0.000100
middle,"(2, 13)",0,1000,0.000100
middle,"(2, 14)",0,1000,0.000100
middle,"(3, 2)",0,1000,0.000100
middle,"(3, 3)",0,1000,0.000100
middle,"(3, 4)",0,1000,0.000100
middle,"(3, 5)",4,1000,0.004082
middle,"(3, 6)",8,1000,0.008065
middle,"(3, 7)",6,1000,0.006478
middle,"(3, 8)",11,1000,0.011260
middle,"(3, 9)",18,1000,0.018015
middle,"(3, 10)",28,1000,0.027717
middle,"(3, 11)",43,1000,0.042939
middle,"(3, 12)",57,1000,0.056846
middle,"(3, 13)",74,1000,0.074087
middle,"(3, 14)",87,1000,0.087478
middle,"(4, 2)",28,1000,0.028399
middle,"(4, 3)",28,1000,0.028399
middle,"(4, 4)",28,1000,0.028399
middle,"(4, 5)",28,1000,0.028399
middle,"(4, 6)",28,1000,0.028399
middle,"(4, 7)",26,1000,0.025873
middle,"(4, 8)",37,1000,0.036861
middle,"(4, 9)",43,1000,0.043106
middle,"(4, 10)",55,1000,0.055152
middle,"(4, 11)",74,1000,0.074436
middle,"(4, 12)",94,1000,0.094136
middle,"(4, 13)",123,1000,0.122527
middle,"(4, 14)",157,1000,0.157269
middle,"(5, 2)",100,1000,0.100000
middle,"(5, 3)",100,1000,0.100000
middle,"(5, 4)",100,1000,0.100000
middle,"(5, 5)",100,1000,0.100000
middle,"(5, 6)",100,1000,0.100000
middle,"(5, 7)",103,1000,0.103333
middle,"(5, 8)",121,1000,0.120670
middle,"(5, 9)",103,1000,0.103145
middle,"(5, 10)",110,1000,0.109744
middle,"(5, 11)",129,1000,0.129038
middle,"(5, 12)",156,1000,0.155886
middle,"(5, 13)",203,1000,0.202638
middle,"(5, 14)",283,1000,0.282739
middle,"(6, 2)",348,1000,0.348261
middle,"(6, 3)",348,1000,0.348261
middle,"(6, 4)",348,1000,0.348261
middle,"(6, 5)",348,1000,0.348261
middle,"(6, 6)",348,1000,0.348261
middle,"(6, 7)",365,1000,0.364894
middle,"(6, 8)",393,1000,0.392610
middle,"(6, 9)",426,1000,0.426102
middle,"(6, 10)",449,1000,0.449402
middle,"(6, 11)",492,1000,0.491777
middle,"(6, 12)",509,1000,0.508741
middle,"(6, 13)",542,1000,0.542151
middle,"(6, 14)",589,1000,0.588809
middle,"(7, 2)",627,1000,0.627241
middle,"(7, 3)",644,1000,0.644220
middle,"(7, 4)",670,1000,0.670229
middle,"(7, 5)",714,1000,0.714430
middle,"(7, 6)",737,1000,0.736962
middle,"(7, 7)",772,1000,0.772292
middle,"(7, 8)",798,1000,0.798170
middle,"(7, 9)",824,1000,0.823647
middle,"(7, 10)",837,1000,0.836861
middle,"(7, 11)",860,1000,0.860330
middle,"(7, 12)",889,1000,0.888535
middle,"(7, 13)",905,1000,0.905244
middle,"(7, 14)",927,1000,0.927138
middle,"(8, 2)",950,1000,0.950207
middle,"(8, 3)",947,1000,0.947170
middle,"(8, 4)",955,1000,0.954630
middle,"(8, 5)",962,1000,0.961500
middle,"(8, 6)",978,1000,0.977657
middle,"(8, 7)",972,1000,0.972271
middle,"(8, 8)",983,1000,0.983019
middle,"(8, 9)",980,1000,0.979851
middle,"(8, 10)",986,1000,0.985551
middle,"(8, 11)",991,1000,0.991304
middle,"(8, 12)",991,1000,0.991489
middle,"(8, 13)",999,1000,0.998742
middle,"(8, 14)",995,1000,0.995161
middle,"(9, 2)",1000,1000,1.000000
middle,"(9, 3)",1000,1000,1.000000
middle,"(9, 4)",1000,1000,1.000000
middle,"(9, 5)",1000,1000,1.000000
middle,"(9, 6)",1000,1000,1.000000
middle,"(9, 7)",1000,1000,1.000000
middle,"(9, 8)",1000,1000,1.000000
middle,"(9, 9)",990,1000,0.990476
middle,"(9, 10)",1000,1000,1.000000
middle,"(9, 11)",986,1000,0.985714
middle,"(9, 12)",1000,1000,1.000000
middle,"(9, 13)",1000,1000,1.000000
middle,"(9, 14)",1000,1000,1.000000
middle,"(10, 2)",1000,1000,1.000000
middle,"(10, 3)",1000,1000,1.000000
middle,"(10, 4)",1000,1000,1.000000
middle,"(10, 5)",1000,1000,1.000000
middle,"(10, 6)",1000,1000,1.000000
middle,"(10, 7)",1000,1000,1.000000
middle,"(10, 8)",1000,1000,1.000000
middle,"(10, 9)",1000,1000,1.000000
middle,"(10, 10)",1000,1000,1.000000
middle,"(10, 11)",1000,1000,1.000000
middle,"(10, 12)",1000,1000,1.000000
middle,"(10, 13)",1000,1000,1.000000
middle,"(10, 14)",1000,1000,1.000000
